userid,isbn,predicted_rating
6251,014028009X,9.319073083778965
6251,014029628X,8.0
6251,043935806X,8.99295725529112
6251,044021145X,8.595454545454544
6251,044022165X,6.828519061583577
6251,044023722X,8.272727272727273
6251,044651652X,10.0
6251,059035342X,9.708059988256114
6251,068484267X,8.545454545454545
6251,068484477X,8.303519061583577
6251,080410526X,10.0
6251,140298479,8.545454545454545
6251,142001740,8.545454545454545
6251,1558744150,8.62314656802026
6251,156027321,9.712121212121211
6251,312195516,8.706211287922608
6251,312278586,8.304713804713804
6251,312924585,8.957219251336898
6251,312966970,8.128787878787879
6251,312976275,9.128787878787879
6251,312980140,9.404931669637552
6251,316096199,8.545454545454545
6251,316601950,9.73063973063973
6251,316666343,9.400298799020263
6251,316769487,9.325616536503679
6251,316776963,7.595454545454545
6251,345313860,8.356565656565655
6251,345339681,8.545454545454545
6251,345342968,9.087248183158016
6251,345350499,8.545454545454545
6251,345361792,9.317254795158762
6251,345370775,8.535214894038424
6251,345378490,8.06158357771261
6251,375706771,7.0
6251,375726403,7.358471166552293
6251,380002930,7.06158357771261
6251,380018179,8.545454545454545
6251,380718340,8.545454545454545
6251,385484518,8.545454545454545
6251,385504209,9.828519061583577
6251,385722206,8.712121212121211
6251,399501487,9.138047138047138
6251,439064864,8.957219251336898
6251,439064872,9.407515732099041
6251,439136350,8.957219251336898
6251,439136369,8.73556858233151
6251,440206154,9.712121212121211
6251,440211727,9.36266585026344
6251,440213525,7.851462333867666
6251,440214041,8.400830889540567
6251,440220602,7.570454545454545
6251,440221471,9.595454545454544
6251,440224764,7.070454545454545
6251,440225701,8.545454545454545
6251,440234743,8.545454545454545
6251,446310786,9.73063973063973
6251,446605239,10.0
6251,446606812,8.545454545454545
6251,446610038,8.89611165417617
6251,446672211,9.06158357771261
6251,449212602,9.723123640903712
6251,451156609,8.545454545454545
6251,451167317,8.545454545454545
6251,451176464,4.712121212121211
6251,452282152,9.945454545454545
6251,553250426,5.203519061583577
6251,553280341,8.545454545454545
6251,553280368,8.545454545454545
6251,553572997,8.909895910031562
6251,590353403,8.545454545454545
6251,60928336,8.682757045163804
6251,60938455,8.545454545454545
6251,609804138,8.304250841750841
6251,60987103,7.652406417112299
6251,671001795,8.095185728250243
6251,671003755,8.304713804713804
6251,671027360,8.429713804713804
6251,671041789,8.915653878008424
6251,679781587,9.600301191623647
6251,743418174,10.0
6251,786868716,9.06158357771261
6251,804106304,7.545454545454545
6251,842329129,8.29627230777893
6575,014028009X,5.585095713905386
6575,014029628X,5.593650793650793
6575,043935806X,7.014270068579464
6575,044021145X,5.644604218694461
6575,044022165X,5.522222222222222
6575,044023722X,6.553303594425474
6575,044651652X,6.593650793650793
6575,059035342X,6.822210536636028
6575,067976402X,6.184859369175913
6575,068484267X,6.222222222222222
6575,068484477X,2.5936507936507933
6575,142001740,8.355555555555556
6575,1558744150,8.593650793650793
6575,156027321,6.222222222222222
6575,312195516,4.407407407407407
6575,312278586,6.069818891035467
6575,312924585,7.53045751633987
6575,312976275,6.04931669637552
6575,316096199,6.731431150377742
6575,316601950,7.407407407407407
6575,316666343,6.473909910678293
6575,316769487,6.222222222222222
6575,316776963,6.593650793650793
6575,345313860,7.349390295083145
6575,345339681,6.222222222222222
6575,345342968,6.222222222222222
6575,345350499,5.585858585858586
6575,345361792,7.505865616565496
6575,345370775,6.1015740742376146
6575,345378490,7.593650793650793
6575,375706771,6.880951886097799
6575,375726403,6.7268988387875615
6575,375727345,4.585998125074325
6575,380018179,6.06707857686296
6575,380718340,8.593650793650793
6575,380789035,4.355555555555556
6575,380813815,3.5936507936507933
6575,385484518,6.786908348969978
6575,385504209,7.399871434309166
6575,385722206,7.593650793650793
6575,399501487,5.856481481481481
6575,439064864,6.998732678410754
6575,439064872,5.786908348969978
6575,439136350,6.132424055135078
6575,439136369,7.593650793650793
6575,439139597,6.626479296880435
6575,440206154,6.222222222222222
6575,440211727,6.892390289449113
6575,440213525,5.477997504351828
6575,440214041,5.737180205415499
6575,440220602,6.222222222222222
6575,440221471,7.593650793650793
6575,440224675,5.5453044596125824
6575,440224764,6.222222222222222
6575,440225701,3.9977120306887572
6575,440234743,6.047194894599332
6575,440498058,6.528183146461333
6575,440998050,7.628198963330946
6575,446310786,7.881481481481482
6575,446605239,4.593650793650793
6575,446610038,6.638316626313031
6575,446672211,6.605474566805683
6575,449212602,7.628198963330946
6575,451156609,5.593650793650793
6575,451167317,6.522222222222222
6575,451176464,6.222222222222222
6575,452282152,6.222222222222222
6575,553250426,6.222222222222222
6575,553280341,6.548489211895565
6575,553280368,6.159819732322856
6575,553572997,6.255945581800627
6575,590353403,6.5874130943362506
6575,60928336,6.222222222222222
6575,60938455,5.339869281045751
6575,609804138,7.628198963330946
6575,60987103,4.431699346405229
6575,671001795,7.7333554165498315
6575,671003755,4.325312127974828
6575,671027360,6.304828042328042
6575,671041789,3.5936507936507933
6575,679781587,6.464527629233512
6575,743418174,7.254939665490841
6575,786868716,5.772124815839485
6575,804106304,6.222222222222222
6575,842329129,7.593650793650793
7346,014028009X,7.113389172691153
7346,043935806X,9.23076923076923
7346,044021145X,8.288034188034187
7346,044022165X,7.391753605957511
7346,044023722X,7.564102564102564
7346,044651652X,10.0
7346,059035342X,7.102735410011195
7346,067976402X,7.642533936651583
7346,068484267X,8.433150183150182
7346,068484477X,8.23076923076923
7346,080410526X,8.460148351887542
7346,140298479,3.602197802197801
7346,142001740,8.995475113122172
7346,1558744150,8.23076923076923
7346,156027321,8.53076923076923
7346,312195516,8.23076923076923
7346,312278586,8.23076923076923
7346,312976275,7.302197802197801
7346,312980140,7.1808402864020175
7346,316601950,8.412587412587412
7346,316666343,9.169153069153069
7346,316769487,8.574155106153587
7346,316776963,8.6021978021978
7346,345313860,9.416483516483515
7346,345339681,8.23076923076923
7346,345342968,8.23076923076923
7346,345350499,10.0
7346,345361792,8.23076923076923
7346,345378490,6.087912087912088
7346,375706771,5.769230769230768
7346,375727345,8.23076923076923
7346,380002930,8.23076923076923
7346,380018179,8.23076923076923
7346,380718340,10.0
7346,380789035,8.23076923076923
7346,380813815,5.602197802197801
7346,385484518,10.0
7346,385504209,8.649999999999999
7346,385722206,8.28986013986014
7346,399501487,6.830651863757497
7346,439064864,9.182619574978427
7346,439064872,8.23076923076923
7346,439136350,9.182619574978427
7346,439136369,9.6021978021978
7346,439139597,8.642533936651583
7346,440206154,8.286324786324785
7346,440211727,8.39600780568322
7346,440213525,8.23076923076923
7346,440214041,8.184102564102563
7346,440220602,8.581973581973582
7346,440224675,8.175061062730096
7346,440224764,8.73076923076923
7346,440225701,8.635531135531135
7346,440498058,7.642533936651583
7346,440998050,10.0
7346,446310786,8.23076923076923
7346,446605239,8.23076923076923
7346,446606812,1.0
7346,446610038,9.190027154869325
7346,446672211,10.0
7346,449212602,8.23076923076923
7346,451156609,7.77243634709005
7346,451167317,8.276923076923076
7346,451176464,8.53076923076923
7346,452282152,7.626234056086111
7346,553250426,10.0
7346,553280341,7.412587412587412
7346,553280368,7.53076923076923
7346,553572997,7.302197802197801
7346,60928336,8.23076923076923
7346,60938455,8.995475113122172
7346,671001795,8.23076923076923
7346,671003755,1.602197802197801
7346,671027360,6.8060912694006035
7346,671041789,9.666666666666666
7346,679781587,7.396427397382422
7346,743418174,8.11556628871173
7346,842329129,8.412587412587412
11676,043935806X,7.333284548689403
11676,044022165X,6.586572850985408
11676,068484267X,6.180135121232308
11676,142001740,7.783374216734914
11676,156027321,8.703606678438721
11676,312195516,6.989395257737742
11676,312924585,7.409281472933664
11676,312976275,7.04265790625764
11676,312980140,9.089164889564096
11676,316601950,7.963640033091966
11676,316769487,6.988388987182702
11676,345339681,1.0
11676,345342968,1.0
11676,345350499,5.2713507192439755
11676,380789035,5.62119048804362
11676,399501487,5.584322421972633
11676,439136350,7.842984819976785
11676,440206154,10.0
11676,440211727,7.064855957842465
11676,440214041,6.946908867332495
11676,440220602,4.790724284816221
11676,440224764,5.721808640915334
11676,446310786,9.258725077732487
11676,446606812,6.128374356833138
11676,451167317,7.279255574327842
11676,451176464,7.663536284724215
11676,452282152,7.079558358324345
11676,553250426,7.760290600999228
11676,60928336,7.710341059779364
11676,60938455,10.0
11676,60987103,7.315748707447339
11676,671027360,8.266500808925876
11676,679781587,7.478393369645124
11676,804106304,6.636376874632766
13552,014028009X,8.7
13552,014029628X,7.557142857142857
13552,043935806X,8.792564274531777
13552,044021145X,9.408535813845944
13552,044023722X,8.7
13552,059035342X,10.0
13552,067976402X,4.749999999999999
13552,068484267X,6.199999999999999
13552,068484477X,8.563046886051056
13552,080410526X,10.0
13552,140298479,4.07142857142857
13552,142001740,10.0
13552,1558744150,7.965905517584748
13552,156027321,8.7
13552,312195516,10.0
13552,312278586,8.7
13552,312924585,8.366666666666665
13552,312966970,9.839270154803513
13552,312976275,9.246491467565964
13552,312980140,8.7
13552,316096199,9.616666666666665
13552,316601950,9.075
13552,316666343,10.0
13552,316769487,9.135246530436403
13552,316776963,7.64688924757378
13552,345313860,5.749999999999999
13552,345339681,8.7
13552,345342968,9.216129032258063
13552,345350499,10.0
13552,345361792,10.0
13552,345370775,7.557142857142857
13552,345378490,7.02669639068209
13552,375706771,8.7
13552,375726403,5.216129032258064
13552,375727345,6.833333333333333
13552,380002930,8.4514112805357
13552,380018179,8.7
13552,380789035,6.833333333333333
13552,380813815,10.0
13552,385504209,8.992745854970597
13552,385722206,10.0
13552,399501487,8.7
13552,439064864,8.7
13552,439064872,9.75
13552,439136350,8.7
13552,439136369,8.723267582704313
13552,439139597,8.7
13552,440206154,8.7
13552,440213525,8.137247469511378
13552,440221471,9.339065469532887
13552,440224675,6.216129032258064
13552,440224764,7.508285540582557
13552,440225701,8.254589183052683
13552,440234743,7.485714285714285
13552,440498058,8.7
13552,440998050,9.658333333333331
13552,446310786,10.0
13552,446605239,10.0
13552,446606812,3.485714285714285
13552,446610038,9.315642271614399
13552,446672211,7.2524356191896615
13552,449212602,8.7
13552,451167317,9.366666666666665
13552,451176464,9.366666666666667
13552,452282152,9.291269841269841
13552,553250426,8.460623519693126
13552,553280341,6.482579229744613
13552,553280368,8.075
13552,553572997,9.075
13552,590353403,8.7
13552,60928336,8.7
13552,60938455,8.7
13552,609804138,8.595819892418698
13552,60987103,7.225
13552,671001795,8.733341011306816
13552,671003755,8.332079749795957
13552,671027360,8.833333333333332
13552,671041789,9.271382166341693
13552,679781587,9.50246227552548
13552,804106304,8.128571428571428
13552,842329129,10.0
16795,014028009X,6.718706666485852
16795,014029628X,7.960219291645394
16795,043935806X,5.59313177568394
16795,044021145X,7.306956009299643
16795,044023722X,7.573601431078573
16795,059035342X,6.748187260297962
16795,067976402X,7.7104640525351495
16795,068484267X,8.283870967741937
16795,080410526X,8.259488823874275
16795,140298479,2.855299539170506
16795,142001740,9.445858601329093
16795,156027321,8.00213284760951
16795,312278586,7.535345763780524
16795,312924585,8.155055550034952
16795,312966970,8.47219265976017
16795,312976275,6.897832190387289
16795,312980140,8.665689149560116
16795,316096199,6.932086050923006
16795,316601950,8.04009542290024
16795,316776963,7.33609680888307
16795,345313860,8.597838873178647
16795,345339681,8.583938072770753
16795,345350499,8.12655966448902
16795,345361792,9.619572062745812
16795,345370775,6.5182035009413
16795,375706771,7.191760325259959
16795,375727345,5.708141265036041
16795,380018179,7.1146044227482905
16795,380718340,6.710750343498478
16795,380789035,5.803272578363172
16795,380813815,8.70356628758325
16795,385484518,9.82025005828113
16795,385722206,8.052072601620964
16795,399501487,7.6172016967502865
16795,439064864,9.855299539170506
16795,439064872,8.726385004422164
16795,439136350,7.483870967741935
16795,439136369,8.025774300760144
16795,439139597,8.843933102013374
16795,440206154,6.842874573911203
16795,440211727,7.444893977029876
16795,440220602,7.292130504385121
16795,440221471,8.411434472902947
16795,440224764,7.182759609515811
16795,440225701,6.202258105323459
16795,440234743,9.954262504802955
16795,440498058,8.738191991463419
16795,440998050,8.423747624006555
16795,446310786,8.186736687017353
16795,446606812,5.596240305721029
16795,449212602,7.525391552826415
16795,451156609,7.212528677070273
16795,451167317,6.917486981322711
16795,451176464,5.503770499479516
16795,452282152,8.67455093915698
16795,553280341,7.495345940275481
16795,553280368,7.175614567240395
16795,553572997,6.5710900975062225
16795,590353403,7.855299539170506
16795,60928336,7.474507951471741
16795,60938455,8.208175272931806
16795,609804138,6.358921727181802
16795,60987103,6.380381716768188
16795,671003755,6.306862439692708
16795,671027360,7.592209424747686
16795,679781587,8.367947325572384
16795,804106304,6.925183821251952
17950,014028009X,7.5
17950,014029628X,5.571428571428571
17950,043935806X,9.642857142857142
17950,044021145X,7.555555555555555
17950,044022165X,6.800000000000001
17950,044023722X,9.642857142857142
17950,044651652X,1.0
17950,059035342X,7.5
17950,067976402X,7.5
17950,068484477X,7.271428571428572
17950,080410526X,7.571428571428571
17950,140298479,2.871428571428571
17950,142001740,7.5
17950,156027321,7.5
17950,312195516,8.271428571428572
17950,312278586,7.5
17950,312924585,9.555555555555555
17950,312966970,7.9
17950,312976275,7.235714285714286
17950,312980140,7.5
17950,316096199,7.5
17950,316601950,7.5
17950,316666343,9.642857142857142
17950,316776963,7.5
17950,345313860,8.563492063492063
17950,345339681,7.5
17950,345342968,7.5
17950,345350499,7.5
17950,345361792,7.5
17950,345370775,7.5
17950,345378490,7.5
17950,375706771,7.5
17950,375726403,7.5
17950,375727345,7.5
17950,380002930,7.5
17950,380018179,9.9
17950,380718340,5.800000000000001
17950,380789035,7.5
17950,380813815,7.5
17950,385504209,7.5
17950,385722206,7.5
17950,399501487,8.555555555555555
17950,439064864,8.571428571428571
17950,439064872,7.5
17950,439136350,8.571428571428571
17950,439136369,8.87142857142857
17950,439139597,7.5
17950,440206154,6.555555555555555
17950,440213525,6.099206349206349
17950,440214041,7.677777777777778
17950,440220602,5.800000000000001
17950,440221471,7.555555555555555
17950,440224675,7.555555555555555
17950,440224764,7.5
17950,440225701,7.5
17950,440234743,7.5
17950,440498058,6.642857142857143
17950,440998050,7.5
17950,446310786,9.9
17950,446605239,3.6428571428571432
17950,446606812,7.5
17950,446610038,7.5
17950,446672211,9.642857142857142
17950,449212602,7.5
17950,451156609,7.677777777777778
17950,451167317,6.555555555555555
17950,451176464,5.555555555555555
17950,452282152,5.571428571428571
17950,553250426,7.5
17950,553280341,7.5
17950,553280368,7.5
17950,553572997,6.571428571428571
17950,590353403,8.571428571428571
17950,60928336,7.599206349206349
17950,60938455,7.5
17950,609804138,7.5
17950,60987103,8.642857142857142
17950,671001795,7.5
17950,671003755,7.5
17950,671027360,7.5
17950,671041789,9.555555555555555
17950,679781587,7.5
17950,743418174,8.8
17950,786868716,7.800000000000001
17950,804106304,4.9
17950,842329129,7.5
21014,014028009X,5.256784059152922
21014,043935806X,7.967320261437909
21014,044021145X,7.555555555555555
21014,044022165X,5.07168458781362
21014,044023722X,7.01010101010101
21014,044651652X,10.0
21014,059035342X,7.555555555555555
21014,067976402X,9.038888888888888
21014,068484267X,7.555555555555555
21014,068484477X,7.07168458781362
21014,080410526X,8.355555555555556
21014,140298479,2.9269841269841264
21014,142001740,7.555555555555555
21014,1558744150,8.071684587813621
21014,156027321,8.722222222222221
21014,312278586,7.389780154486036
21014,312924585,7.755555555555555
21014,312966970,7.555555555555555
21014,312976275,7.555555555555555
21014,312980140,9.1010101010101
21014,316096199,7.555555555555555
21014,316601950,7.555555555555555
21014,316666343,7.9982979680189965
21014,316769487,8.36131656629106
21014,316776963,7.264239028944911
21014,345313860,9.355555555555554
21014,345339681,7.555555555555555
21014,345342968,8.071684587813621
21014,345350499,9.412698412698413
21014,345361792,7.722222222222221
21014,345378490,6.614361958366646
21014,375706771,7.946013087563575
21014,375727345,5.817691397171169
21014,380002930,8.205268283753496
21014,380018179,7.967320261437909
21014,380718340,6.412698412698413
21014,380789035,8.722222222222221
21014,380813815,8.722222222222221
21014,385484518,7.555555555555555
21014,385504209,8.146409725059902
21014,399501487,7.555555555555555
21014,439064864,6.967320261437909
21014,439136350,7.967320261437909
21014,439136369,7.555555555555555
21014,439139597,7.555555555555555
21014,440206154,8.722222222222221
21014,440211727,7.355555555555556
21014,440213525,5.07168458781362
21014,440214041,6.491809292029873
21014,440220602,7.555555555555555
21014,440221471,7.555555555555555
21014,440224675,5.07168458781362
21014,440224764,7.555555555555555
21014,440225701,7.555555555555555
21014,440234743,7.555555555555555
21014,440498058,7.555555555555555
21014,440998050,7.355555555555556
21014,446310786,8.967320261437909
21014,446605239,8.592596083566196
21014,446606812,7.555555555555555
21014,446610038,9.071684587813621
21014,446672211,5.735042581501536
21014,449212602,8.03888888888889
21014,451156609,7.555555555555555
21014,451167317,7.555555555555555
21014,451176464,3.7222222222222214
21014,452282152,8.056204906204906
21014,553250426,4.976871567015962
21014,553280341,7.555555555555555
21014,553280368,7.555555555555555
21014,553572997,7.355555555555556
21014,590353403,6.967320261437909
21014,60938455,7.555555555555555
21014,609804138,4.355555555555555
21014,60987103,7.973225128309171
21014,671001795,7.07168458781362
21014,671003755,7.555555555555555
21014,671027360,7.555555555555555
21014,671041789,7.07168458781362
21014,679781587,8.647871572871573
21014,743418174,9.071684587813621
21014,786868716,8.928060940252937
21014,804106304,7.412698412698413
21014,842329129,6.294101951007294
23872,014028009X,9.296116189814118
23872,014029628X,8.590192378864668
23872,043935806X,9.840336134453782
23872,044021145X,6.57125246012947
23872,044022165X,9.428571428571429
23872,044023722X,9.8
23872,044651652X,9.8
23872,059035342X,10.0
23872,067976402X,10.0
23872,068484267X,9.5
23872,068484477X,6.928909714290553
23872,080410526X,8.074363812253894
23872,140298479,4.8
23872,142001740,9.491071428571429
23872,1558744150,10.0
23872,156027321,9.428571428571429
23872,312195516,7.491071428571429
23872,312278586,8.792238751986048
23872,312966970,9.037601946575894
23872,312976275,9.602708633316386
23872,312980140,9.724730759571065
23872,316096199,10.0
23872,316601950,9.491071428571429
23872,316666343,6.8
23872,316769487,8.713063558158336
23872,316776963,10.0
23872,345339681,10.0
23872,345342968,10.0
23872,345350499,9.428571428571429
23872,345361792,10.0
23872,345370775,9.434738738315753
23872,345378490,10.0
23872,375706771,7.8
23872,375726403,8.8
23872,375727345,8.8
23872,380002930,8.099386217779626
23872,380018179,9.208119744299305
23872,380718340,10.0
23872,380789035,9.428571428571429
23872,380813815,6.8
23872,385484518,10.0
23872,385504209,9.52794439393702
23872,385722206,10.0
23872,399501487,10.0
23872,439064864,10.0
23872,439064872,9.8
23872,439136369,10.0
23872,440206154,8.484126984126984
23872,440213525,7.0910850742512155
23872,440214041,8.958608821144397
23872,440220602,9.428571428571429
23872,440221471,10.0
23872,440224675,9.665601091006979
23872,440224764,8.064935064935066
23872,440225701,9.8
23872,440234743,9.888981921911975
23872,440498058,9.8
23872,440998050,10.0
23872,446310786,10.0
23872,446605239,7.8
23872,446606812,9.428571428571429
23872,446610038,10.0
23872,446672211,10.0
23872,449212602,10.0
23872,451156609,8.667967387917315
23872,451167317,8.997782751309973
23872,451176464,8.556409689781928
23872,452282152,7.5
23872,553250426,9.274725274725276
23872,553280341,10.0
23872,553280368,10.0
23872,553572997,8.751582856661077
23872,590353403,9.396937941543769
23872,60928336,8.895120357720103
23872,60938455,9.428571428571429
23872,609804138,10.0
23872,60987103,9.384953691086244
23872,671001795,10.0
23872,671003755,2.8
23872,671027360,9.55331733833591
23872,671041789,9.287077985115967
23872,679781587,9.428571428571429
23872,743418174,9.8
23872,786868716,10.0
23872,804106304,9.428571428571429
23872,842329129,10.0
23902,014029628X,7.38974164052225
23902,043935806X,7.821556024684852
23902,044022165X,7.142857142857143
23902,044651652X,7.466073208298204
23902,059035342X,7.046257161417093
23902,067976402X,6.777445507489854
23902,068484267X,7.476190476190477
23902,068484477X,6.5155049804536525
23902,080410526X,5.514285714285714
23902,142001740,7.205357142857143
23902,1558744150,9.514285714285714
23902,156027321,7.142857142857143
23902,312195516,5.401379870129871
23902,312278586,6.085876194604117
23902,312924585,7.142857142857143
23902,312966970,8.01167284994717
23902,312976275,6.38309370979756
23902,312980140,8.324675324675326
23902,316096199,9.514285714285714
23902,316601950,7.205357142857143
23902,316666343,4.514285714285714
23902,316769487,7.142857142857143
23902,316776963,7.514285714285714
23902,345313860,7.258768522825551
23902,345339681,8.45054945054945
23902,345342968,4.450549450549451
23902,345350499,7.142857142857143
23902,345361792,7.604553179268419
23902,345370775,7.514285714285714
23902,345378490,8.514285714285714
23902,375706771,6.824138141751392
23902,375726403,6.514285714285714
23902,375727345,5.126307239380932
23902,380002930,4.514285714285714
23902,380718340,9.514285714285714
23902,380789035,7.142857142857143
23902,380813815,4.514285714285714
23902,385484518,8.514285714285714
23902,385504209,5.909552982843374
23902,385722206,8.514285714285714
23902,399501487,7.142857142857143
23902,439064864,9.514285714285714
23902,439064872,8.009654875479352
23902,439136350,7.142857142857143
23902,439136369,7.379966621560825
23902,439139597,7.514285714285714
23902,440206154,7.142857142857143
23902,440211727,7.142857142857143
23902,440213525,7.006481510958492
23902,440214041,6.674107142857143
23902,440221471,8.514285714285714
23902,440224675,7.514285714285714
23902,440224764,7.142857142857143
23902,440225701,5.950566594234672
23902,440234743,7.657380535240942
23902,440498058,7.514285714285714
23902,440998050,7.552858949782259
23902,446310786,9.365079365079366
23902,446605239,5.514285714285714
23902,446606812,2.920634920634921
23902,446610038,8.530349834611473
23902,446672211,9.514285714285714
23902,449212602,9.514285714285714
23902,451156609,6.514285714285714
23902,451167317,7.142857142857143
23902,451176464,7.142857142857143
23902,452282152,7.753968253968255
23902,553250426,7.142857142857143
23902,553280341,9.514285714285714
23902,553280368,4.365209147405718
23902,553572997,6.514285714285714
23902,590353403,7.514285714285714
23902,60928336,6.597402597402598
23902,60938455,6.260504201680672
23902,609804138,7.8482363211599075
23902,60987103,7.389279701779702
23902,671001795,9.514285714285714
23902,671003755,1.0
23902,671027360,8.205357142857142
23902,671041789,4.514285714285714
23902,679781587,10.0
23902,743418174,7.514285714285714
23902,786868716,8.514285714285714
23902,804106304,6.142857142857143
23902,842329129,8.514285714285714
28634,014029628X,9.960372960372961
28634,043935806X,10.0
28634,044022165X,7.523809523809524
28634,059035342X,10.0
28634,067976402X,9.07843137254902
28634,068484477X,9.666666666666666
28634,080410526X,10.0
28634,140298479,10.0
28634,142001740,9.666666666666666
28634,1558744150,9.666666666666666
28634,156027321,9.666666666666666
28634,312195516,10.0
28634,312278586,9.720643939393938
28634,312966970,9.435897435897436
28634,312976275,9.666666666666666
28634,312980140,10.0
28634,316096199,9.435897435897436
28634,316601950,9.484848484848484
28634,316769487,10.0
28634,316776963,10.0
28634,345313860,10.0
28634,345339681,9.666666666666666
28634,345342968,9.666666666666666
28634,345350499,9.666666666666666
28634,345361792,9.666666666666666
28634,345378490,7.523809523809524
28634,375706771,10.0
28634,375726403,9.435897435897436
28634,375727345,9.666666666666666
28634,380002930,10.0
28634,380018179,9.666666666666666
28634,380718340,9.666666666666666
28634,380789035,9.666666666666666
28634,380813815,9.666666666666666
28634,385484518,10.0
28634,385504209,10.0
28634,385722206,9.666666666666666
28634,399501487,9.666666666666666
28634,439064864,10.0
28634,439064872,10.0
28634,439136350,10.0
28634,439136369,9.844258136838622
28634,439139597,10.0
28634,440213525,8.484848484848484
28634,440224764,8.262302074159463
28634,440225701,9.609248517163516
28634,440234743,10.0
28634,440498058,9.07843137254902
28634,440998050,9.666666666666666
28634,446310786,9.666666666666666
28634,446605239,7.544862454025996
28634,446606812,9.666666666666666
28634,446610038,9.166666666666666
28634,446672211,9.595238095238095
28634,449212602,9.666666666666666
28634,451156609,9.666666666666666
28634,451167317,9.666666666666666
28634,451176464,9.666666666666666
28634,452282152,9.720643939393938
28634,553250426,10.0
28634,553280341,9.595238095238095
28634,553280368,10.0
28634,553572997,10.0
28634,590353403,10.0
28634,60928336,9.933593201052235
28634,60938455,10.0
28634,609804138,8.435897435897436
28634,60987103,8.289992253837882
28634,671001795,9.666666666666666
28634,671003755,9.666666666666666
28634,671027360,10.0
28634,679781587,9.147244023051885
28634,743418174,9.666666666666666
28634,786868716,8.435897435897436
28634,804106304,10.0
28634,842329129,9.666666666666666
30735,014028009X,10.0
30735,014029628X,9.007792207792207
30735,044021145X,3.0077922077922086
30735,044022165X,9.636363636363637
30735,044023722X,10.0
30735,044651652X,10.0
30735,067976402X,10.0
30735,068484267X,9.636363636363637
30735,068484477X,6.007792207792208
30735,080410526X,8.248256187602527
30735,140298479,7.615323488860362
30735,142001740,9.636363636363637
30735,1558744150,10.0
30735,156027321,9.636363636363637
30735,312195516,9.636363636363637
30735,312278586,8.007792207792209
30735,312924585,9.636363636363637
30735,312976275,9.636363636363637
30735,312980140,10.0
30735,316096199,10.0
30735,316601950,9.636363636363637
30735,316666343,7.007792207792208
30735,316769487,9.636363636363637
30735,316776963,10.0
30735,345313860,10.0
30735,345339681,9.636363636363637
30735,345342968,9.636363636363637
30735,345361792,10.0
30735,345370775,10.0
30735,345378490,10.0
30735,375706771,8.007792207792209
30735,375726403,9.007792207792207
30735,375727345,9.007792207792207
30735,380018179,8.007792207792209
30735,380718340,10.0
30735,380789035,9.636363636363637
30735,380813815,7.007792207792208
30735,385504209,10.0
30735,385722206,10.0
30735,399501487,9.636363636363637
30735,439064864,10.0
30735,439136369,10.0
30735,439139597,10.0
30735,440206154,9.636363636363637
30735,440211727,9.636363636363637
30735,440213525,7.007792207792208
30735,440214041,9.636363636363637
30735,440220602,9.636363636363637
30735,440221471,10.0
30735,440224675,10.0
30735,440224764,9.636363636363637
30735,440225701,10.0
30735,440234743,10.0
30735,440498058,10.0
30735,440998050,10.0
30735,446310786,9.636363636363637
30735,446605239,8.007792207792209
30735,446606812,5.414141414141414
30735,446610038,10.0
30735,446672211,10.0
30735,449212602,10.0
30735,451156609,9.007792207792207
30735,451167317,9.636363636363637
30735,451176464,9.636363636363637
30735,452282152,9.636363636363637
30735,553250426,9.636363636363637
30735,553280368,10.0
30735,553572997,9.007792207792207
30735,60928336,9.636363636363637
30735,60938455,9.636363636363637
30735,609804138,10.0
30735,60987103,9.636363636363637
30735,671001795,10.0
30735,671003755,3.0077922077922086
30735,671027360,9.636363636363637
30735,671041789,7.007792207792208
30735,679781587,9.636363636363637
30735,743418174,10.0
30735,786868716,10.0
30735,804106304,9.636363636363637
30735,842329129,10.0
35857,014028009X,5.4440176070428175
35857,014029628X,5.038095238095238
35857,043935806X,6.851851851851852
35857,044021145X,2.908179919586181
35857,044023722X,6.038095238095238
35857,044651652X,1.077726574500777
35857,059035342X,6.824969987995199
35857,067976402X,6.205922368947579
35857,068484267X,5.666666666666667
35857,068484477X,2.0380952380952375
35857,080410526X,5.746795188663701
35857,140298479,1.038095238095238
35857,142001740,6.431372549019609
35857,1558744150,8.038095238095238
35857,156027321,5.666666666666667
35857,312195516,5.340986603428147
35857,312924585,6.07843137254902
35857,312966970,5.038095238095238
35857,312976275,5.666666666666667
35857,312980140,7.07843137254902
35857,316096199,7.065487205628009
35857,316601950,6.851851851851852
35857,316666343,4.9325228301072555
35857,316769487,6.523809523809525
35857,316776963,6.038095238095238
35857,345313860,6.038095238095238
35857,345339681,6.431372549019609
35857,345342968,5.666666666666667
35857,345350499,5.666666666666667
35857,345361792,7.38418519306743
35857,375706771,5.486833562607095
35857,375726403,5.486674029019756
35857,380002930,3.038095238095238
35857,380018179,4.038095238095238
35857,380718340,8.038095238095238
35857,380789035,5.666666666666667
35857,380813815,3.038095238095238
35857,385484518,7.3220415493572135
35857,385504209,6.065487205628009
35857,385722206,7.038095238095238
35857,399501487,6.959951222982568
35857,439064864,6.824969987995199
35857,439064872,6.04030612244898
35857,439136350,6.07843137254902
35857,439136369,7.038095238095238
35857,439139597,6.063065226090437
35857,440206154,5.666666666666667
35857,440211727,5.772549019607844
35857,440213525,4.897448979591837
35857,440214041,5.666666666666667
35857,440220602,5.666666666666667
35857,440221471,7.3220415493572135
35857,440224675,6.04030612244898
35857,440224764,5.666666666666667
35857,440225701,6.3220415493572135
35857,440234743,7.038095238095238
35857,440498058,5.892807962805594
35857,440998050,6.575553826211756
35857,446310786,6.851851851851852
35857,446605239,4.038095238095238
35857,446606812,4.041666666666667
35857,446610038,6.281696357115104
35857,446672211,8.038095238095238
35857,449212602,6.575553826211756
35857,451156609,5.038095238095238
35857,451167317,5.666666666666667
35857,451176464,5.666666666666667
35857,452282152,6.466666666666668
35857,553250426,5.666666666666667
35857,553280341,8.038095238095238
35857,553280368,8.038095238095238
35857,553572997,5.478236780281867
35857,590353403,6.038095238095238
35857,60928336,5.666666666666667
35857,60938455,6.431372549019609
35857,609804138,6.995733572957407
35857,60987103,2.07843137254902
35857,671001795,8.038095238095238
35857,671003755,3.542804178160331
35857,671027360,5.851851851851852
35857,671041789,3.038095238095238
35857,679781587,5.07843137254902
35857,743418174,6.038095238095238
35857,786868716,7.038095238095238
35857,804106304,5.666666666666667
35857,842329129,7.038095238095238
35859,014028009X,9.19047619047619
35859,014029628X,8.19047619047619
35859,043935806X,8.185185185185185
35859,044022165X,9.078551915341972
35859,044023722X,9.047058823529412
35859,044651652X,8.633982359855414
35859,067976402X,9.010595238095238
35859,068484267X,8.666666666666666
35859,080410526X,8.121212121212121
35859,140298479,4.038095238095237
35859,142001740,7.872685185185185
35859,1558744150,6.57917152739048
35859,156027321,8.666666666666666
35859,312195516,8.248690476190475
35859,312924585,9.071078431372548
35859,312966970,9.21740755050767
35859,312976275,9.362589536389322
35859,316096199,8.666666666666666
35859,316601950,8.599398321585403
35859,316666343,9.213044007969726
35859,316769487,7.78974358974359
35859,316776963,8.666666666666666
35859,345313860,9.039850427350427
35859,345339681,8.995328609933576
35859,345350499,8.666666666666666
35859,345361792,9.036706349206348
35859,345370775,9.444444444444445
35859,345378490,8.595238095238095
35859,375706771,8.666666666666666
35859,375726403,8.666666666666666
35859,375727345,8.666666666666666
35859,380002930,8.512820512820513
35859,380018179,10.0
35859,380789035,8.666666666666666
35859,380813815,9.309523809523808
35859,385484518,9.19047619047619
35859,385504209,10.0
35859,385722206,9.19047619047619
35859,399501487,9.301122740658675
35859,439064864,9.19047619047619
35859,439064872,9.472222222222221
35859,439136350,9.5
35859,439136369,8.666666666666666
35859,439139597,9.345238095238095
35859,440206154,8.158730158730158
35859,440211727,9.05275311780174
35859,440213525,8.049486461251167
35859,440214041,8.295900290546319
35859,440220602,8.4930335097592
35859,440221471,8.722222222222221
35859,440224675,9.158730158730158
35859,440224764,9.110608717224626
35859,440225701,7.288795928898257
35859,440234743,7.915616246498598
35859,440498058,9.121212121212121
35859,440998050,8.666666666666666
35859,446310786,10.0
35859,446605239,8.666666666666666
35859,446606812,4.940023976076523
35859,446672211,9.48811407933606
35859,449212602,8.85164835164835
35859,451156609,6.919902909460573
35859,451176464,7.617521367521367
35859,452282152,9.666666666666666
35859,553250426,9.256654456654456
35859,553280341,7.3683744160122595
35859,553280368,8.582162347655142
35859,553572997,9.041666666666666
35859,590353403,8.666666666666666
35859,60928336,6.956349206349206
35859,60938455,7.784313725490195
35859,609804138,7.207081669143166
35859,60987103,6.909722222222222
35859,671003755,8.041666666666666
35859,671027360,7.986494388860452
35859,671041789,10.0
35859,679781587,9.288113813677356
35859,786868716,9.193899928904898
37712,043935806X,8.629126615773522
37712,044021145X,6.944833275173297
37712,044022165X,8.444444444444443
37712,044023722X,6.892851146637332
37712,044651652X,8.149206349206349
37712,059035342X,8.249583809693082
37712,067976402X,7.063672332169288
37712,068484267X,7.777777777777778
37712,068484477X,7.459589165041409
37712,080410526X,8.12702947353663
37712,140298479,10.0
37712,142001740,8.551817790649297
37712,1558744150,10.0
37712,156027321,7.777777777777778
37712,312195516,6.345563640674047
37712,312278586,7.598281025126686
37712,312924585,7.816993464052287
37712,312966970,7.7046658272410795
37712,312976275,8.083333333333334
37712,312980140,8.455882352941178
37712,316096199,8.591711368267513
37712,316601950,8.031162416009392
37712,316666343,7.7107075764503925
37712,316769487,8.18954248366013
37712,316776963,9.147483326875832
37712,345313860,7.849742911775575
37712,345339681,8.632352941176471
37712,345342968,7.777777777777778
37712,345350499,9.634920634920636
37712,345361792,8.508729264650194
37712,345370775,7.7591688405916335
37712,345378490,6.622349952306625
37712,375706771,7.6104229619882835
37712,375726403,7.937732950350033
37712,380002930,5.86825665654553
37712,380018179,8.560390247576992
37712,380718340,8.496675935330169
37712,380789035,5.911111111111111
37712,380813815,5.149206349206349
37712,385484518,8.32755714901093
37712,385722206,8.32755714901093
37712,399501487,8.962962962962962
37712,439064864,7.913607754431395
37712,439064872,9.1815633561394
37712,439136350,8.01961981640851
37712,439136369,9.149206349206349
37712,439139597,8.40178953879667
37712,440206154,7.777777777777778
37712,440211727,8.118736383442267
37712,440213525,7.374121599173718
37712,440214041,6.989984748289858
37712,440220602,6.5396825396825395
37712,440221471,9.149206349206349
37712,440224675,8.149206349206349
37712,440224764,7.777777777777778
37712,440225701,8.149206349206349
37712,440234743,9.149206349206349
37712,440498058,8.07205047908354
37712,440998050,8.999741693963085
37712,446605239,6.149206349206349
37712,446606812,7.777777777777778
37712,446610038,7.267924982220975
37712,446672211,10.0
37712,449212602,7.663648741418268
37712,451156609,7.149206349206349
37712,451167317,8.444444444444443
37712,451176464,7.777777777777778
37712,553250426,8.3015873015873
37712,553280341,4.61923027148662
37712,553280368,10.0
37712,553572997,7.937732950350033
37712,590353403,7.228340187252756
37712,60928336,7.143466400519558
37712,60938455,8.978413022321796
37712,609804138,9.126678655845522
37712,671001795,7.796581579358418
37712,671003755,7.158941146052893
37712,671027360,8.016525221849255
37712,671041789,5.149206349206349
37712,679781587,6.746506941289534
37712,743418174,7.924503128162856
37712,786868716,7.846626152010229
37712,804106304,7.777777777777778
37712,842329129,9.149206349206349
37950,014028009X,5.956950142285781
37950,014029628X,4.833233000367041
37950,043935806X,6.46076650470496
37950,044023722X,6.3613957974880995
37950,044651652X,5.725725779201586
37950,059035342X,6.815046434858371
37950,067976402X,5.850911749155674
37950,068484267X,6.769047619047619
37950,068484477X,6.302002145642467
37950,080410526X,6.742919790795484
37950,140298479,5.579186201740847
37950,142001740,6.333333333333333
37950,1558744150,4.10893862278944
37950,156027321,6.333333333333333
37950,312195516,7.105952380952381
37950,312278586,6.73029177795882
37950,312924585,6.810738067962031
37950,312976275,6.063509303933057
37950,312980140,7.420025615278281
37950,316096199,8.704761904761904
37950,316601950,6.515151515151515
37950,316666343,7.1540452859662125
37950,316769487,7.212698412698412
37950,316776963,5.9242908832342245
37950,345313860,6.571264419880341
37950,345339681,7.6410256410256405
37950,345342968,5.43663858401733
37950,345350499,8.19047619047619
37950,345361792,6.666575909021241
37950,345370775,6.154593353099764
37950,345378490,6.626705487366635
37950,375706771,6.741032730778249
37950,375726403,6.70896450063945
37950,375727345,4.591023120912255
37950,380002930,7.851567969530164
37950,380018179,7.550648148101487
37950,380718340,5.738092585704329
37950,380789035,7.499999999999999
37950,380813815,7.611139433695807
37950,385484518,7.639492829724551
37950,385504209,6.914714460962267
37950,385722206,6.591023120912255
37950,399501487,6.733333333333333
37950,439064864,7.421487061282853
37950,439064872,6.901766608413924
37950,439136350,7.404761904761904
37950,439136369,6.869854203949941
37950,439139597,6.704761904761904
37950,440206154,7.143841646761799
37950,440211727,7.229836041663278
37950,440213525,6.248282520158581
37950,440221471,7.4244374617826185
37950,440224675,7.0390875016165
37950,440224764,5.422395519728825
37950,440225701,5.110371510019596
37950,440234743,6.725706393137381
37950,440498058,7.516954812351866
37950,440998050,6.5125013737060735
37950,446310786,7.622222222222222
37950,446605239,4.704761904761904
37950,446606812,1.1190476190476186
37950,446610038,6.834021264357182
37950,446672211,5.964779837401676
37950,449212602,7.591023120912254
37950,451156609,7.467026930770479
37950,451167317,6.835187094312834
37950,452282152,6.206101190476191
37950,553250426,6.406547619047619
37950,553280341,4.432169953032756
37950,553280368,5.912796187063351
37950,553572997,5.427427741194601
37950,590353403,7.351874953085614
37950,60928336,6.041666666666666
37950,60938455,6.895833333333333
37950,609804138,5.39295084050063
37950,60987103,6.895833333333333
37950,671001795,6.75839521595113
37950,671003755,1.0
37950,671027360,4.737914698398961
37950,671041789,6.912919418858172
37950,743418174,5.950128536652974
37950,786868716,7.4777464206103295
37950,804106304,5.085714285714285
37950,842329129,5.113465870959854
43246,014029628X,7.951048951048952
43246,043935806X,8.181818181818182
43246,044021145X,7.381818181818182
43246,044022165X,7.973484848484848
43246,044023722X,8.015151515151516
43246,044651652X,8.553246753246754
43246,059035342X,9.015151515151516
43246,067976402X,9.98181818181818
43246,068484267X,8.181818181818182
43246,068484477X,8.181818181818182
43246,080410526X,8.181818181818182
43246,140298479,7.222123904321782
43246,142001740,10.0
43246,1558744150,8.181818181818182
43246,156027321,8.181818181818182
43246,312195516,9.98181818181818
43246,312278586,8.181818181818182
43246,312924585,8.06045066045066
43246,312966970,9.004066428366935
43246,312976275,8.52608077652087
43246,316601950,7.705627705627705
43246,316666343,8.181818181818182
43246,316769487,7.098484848484848
43246,316776963,8.181818181818182
43246,345313860,9.98181818181818
43246,345339681,9.015151515151516
43246,345342968,8.181818181818182
43246,345350499,10.0
43246,345361792,9.315151515151516
43246,345370775,7.951048951048952
43246,345378490,8.181818181818182
43246,375706771,7.812128922766022
43246,375726403,8.516771253477332
43246,375727345,6.848484848484849
43246,380002930,6.315151515151515
43246,380018179,7.59499964981069
43246,380789035,6.315151515151515
43246,380813815,8.181818181818182
43246,385504209,9.165151515151516
43246,399501487,6.265151515151515
43246,439064864,8.181818181818182
43246,439064872,9.015151515151516
43246,439136350,9.015151515151516
43246,439136369,8.181818181818182
43246,439139597,9.015151515151516
43246,440206154,8.181818181818182
43246,440211727,8.973484848484848
43246,440213525,7.848484848484848
43246,440214041,8.181818181818182
43246,440220602,7.848484848484848
43246,440221471,9.024766899766899
43246,440224675,7.265151515151515
43246,440224764,8.181818181818182
43246,440225701,5.363636363636363
43246,440234743,8.951048951048952
43246,440498058,8.181818181818182
43246,440998050,10.0
43246,446310786,8.848484848484848
43246,446605239,10.0
43246,446672211,8.181818181818182
43246,449212602,8.181818181818182
43246,451156609,8.181818181818182
43246,451167317,8.848484848484848
43246,451176464,8.181818181818182
43246,452282152,9.540151515151514
43246,553250426,1.9818181818181815
43246,553280341,4.848484848484848
43246,553280368,7.830467766268784
43246,553572997,8.181818181818182
43246,590353403,9.951048951048952
43246,60928336,8.98181818181818
43246,60938455,7.299465240641711
43246,60987103,6.701482616562628
43246,671001795,8.181818181818182
43246,671003755,6.762464431775819
43246,671027360,7.8631255974063015
43246,671041789,8.181818181818182
43246,743418174,9.154628219535484
43246,786868716,7.005048450340213
43246,804106304,9.649765338572085
43246,842329129,6.015151515151516
46398,014028009X,6.746428571428571
46398,014029628X,6.753295253373192
46398,043935806X,6.656661680477794
46398,044021145X,1.0
46398,044022165X,6.375
46398,044023722X,8.33741307574304
46398,044651652X,6.746428571428571
46398,059035342X,8.74642857142857
46398,067976402X,7.840789430274051
46398,068484267X,6.375
46398,068484477X,5.23554948946895
46398,080410526X,4.746428571428571
46398,140298479,1.746428571428571
46398,142001740,7.975
46398,1558744150,8.74642857142857
46398,312195516,5.6558547302480555
46398,312278586,6.380301676621945
46398,312924585,6.375
46398,312966970,5.746428571428571
46398,312976275,6.375
46398,312980140,6.375
46398,316096199,8.74642857142857
46398,316601950,7.365123456790123
46398,316769487,6.035167588040546
46398,316776963,6.746428571428571
46398,345313860,6.746428571428571
46398,345339681,6.375
46398,345342968,6.375
46398,345350499,6.375
46398,345370775,6.578656303917467
46398,345378490,7.746428571428571
46398,375706771,4.746428571428571
46398,375726403,6.493840081304659
46398,375727345,4.840789430274051
46398,380002930,7.529883854107977
46398,380018179,4.746428571428571
46398,380718340,8.74642857142857
46398,380789035,7.541666666666666
46398,385504209,7.114209957184274
46398,385722206,6.840789430274051
46398,399501487,7.560185185185185
46398,439064864,8.74642857142857
46398,439064872,6.746428571428571
46398,439136350,6.375
46398,439136369,7.746428571428571
46398,439139597,6.746428571428571
46398,440206154,7.541666666666666
46398,440211727,6.375
46398,440213525,5.33741307574304
46398,440214041,4.946428571428571
46398,440220602,6.375
46398,440221471,7.746428571428571
46398,440224675,6.746428571428571
46398,440224764,6.375
46398,440225701,6.746428571428571
46398,440234743,7.746428571428571
46398,440498058,6.56436164829755
46398,440998050,7.677833617565227
46398,446310786,7.560185185185185
46398,446606812,6.375
46398,446610038,5.876188244860748
46398,446672211,8.54114024829122
46398,449212602,7.646388384504521
46398,451156609,5.746428571428571
46398,451167317,4.946428571428571
46398,451176464,2.541666666666666
46398,452282152,6.375
46398,553250426,6.375
46398,553280368,8.74642857142857
46398,553572997,5.27903599295623
46398,590353403,6.746428571428571
46398,60928336,7.725112012885539
46398,60938455,6.375
46398,609804138,7.677833617565227
46398,60987103,7.517857142857143
46398,671001795,8.74642857142857
46398,671003755,4.983592422030904
46398,671027360,6.560185185185185
46398,671041789,3.746428571428571
46398,679781587,7.541666666666666
46398,743418174,6.746428571428571
46398,786868716,7.746428571428571
46398,804106304,6.375
46398,842329129,4.585640580758843
52584,014028009X,8.833333333333334
52584,014029628X,8.833333333333334
52584,043935806X,8.833333333333334
52584,044021145X,10.0
52584,044022165X,7.6190476190476195
52584,044023722X,8.666666666666668
52584,044651652X,9.499275332286109
52584,059035342X,9.666666666666668
52584,067976402X,10.0
52584,068484267X,8.833333333333334
52584,068484477X,8.833333333333334
52584,080410526X,8.833333333333334
52584,140298479,4.204761904761905
52584,142001740,8.833333333333334
52584,1558744150,8.833333333333334
52584,156027321,8.833333333333334
52584,312195516,8.833333333333334
52584,312278586,8.833333333333334
52584,312924585,8.833333333333334
52584,312966970,10.0
52584,312976275,8.833333333333334
52584,312980140,8.833333333333334
52584,316096199,8.833333333333334
52584,316666343,9.898751755574224
52584,316769487,8.833333333333334
52584,316776963,8.833333333333334
52584,345313860,8.833333333333334
52584,345339681,9.666666666666668
52584,345342968,8.833333333333334
52584,345350499,8.833333333333334
52584,345361792,10.0
52584,345370775,8.833333333333334
52584,345378490,8.833333333333334
52584,375706771,8.75
52584,375726403,8.833333333333334
52584,375727345,8.833333333333334
52584,380002930,8.833333333333334
52584,380018179,8.833333333333334
52584,380718340,8.833333333333334
52584,380789035,8.833333333333334
52584,380813815,8.833333333333334
52584,385484518,8.833333333333334
52584,385504209,8.642857142857144
52584,385722206,8.18452380952381
52584,399501487,10.0
52584,439064864,8.833333333333334
52584,439064872,9.666666666666668
52584,439136350,9.666666666666668
52584,439136369,8.833333333333334
52584,439139597,9.666666666666668
52584,440206154,8.833333333333334
52584,440211727,8.833333333333334
52584,440213525,8.833333333333334
52584,440214041,8.833333333333334
52584,440220602,9.015151515151516
52584,440221471,7.6190476190476195
52584,440224764,8.833333333333334
52584,440225701,8.833333333333334
52584,440234743,7.6190476190476195
52584,440498058,8.833333333333334
52584,440998050,8.833333333333334
52584,446310786,10.0
52584,446605239,8.833333333333334
52584,446606812,3.6190476190476195
52584,446610038,8.833333333333334
52584,449212602,8.75
52584,451156609,8.833333333333334
52584,451167317,8.833333333333334
52584,451176464,8.833333333333334
52584,452282152,8.833333333333334
52584,553250426,10.0
52584,553280341,7.849020598547752
52584,553280368,8.833333333333334
52584,553572997,8.833333333333334
52584,590353403,8.833333333333334
52584,60928336,8.833333333333334
52584,60938455,8.833333333333334
52584,60987103,6.666666666666668
52584,671001795,8.833333333333334
52584,671003755,8.68452380952381
52584,671027360,7.015151515151516
52584,671041789,8.833333333333334
52584,679781587,10.0
52584,743418174,8.838525895851555
52584,786868716,9.61904761904762
52584,804106304,8.833333333333334
52584,842329129,7.543706253803896
53174,014028009X,9.8
53174,014029628X,10.0
53174,043935806X,9.8
53174,044021145X,9.8
53174,044022165X,7.316129032258066
53174,044023722X,9.8
53174,044651652X,10.0
53174,059035342X,9.8
53174,067976402X,9.8
53174,068484267X,9.8
53174,068484477X,9.316129032258065
53174,080410526X,9.8
53174,140298479,5.171428571428572
53174,142001740,9.8
53174,1558744150,10.0
53174,156027321,9.8
53174,312278586,9.8
53174,312966970,9.8
53174,312976275,9.8
53174,312980140,9.8
53174,316096199,9.8
53174,316601950,9.8
53174,316666343,10.0
53174,316769487,10.0
53174,316776963,9.8
53174,345313860,9.8
53174,345339681,9.8
53174,345342968,10.0
53174,345350499,9.8
53174,345361792,9.8
53174,345370775,7.244444444444445
53174,345378490,9.316129032258065
53174,375706771,9.8
53174,375726403,8.298144193442281
53174,375727345,9.8
53174,380002930,8.316129032258065
53174,380018179,9.8
53174,380718340,9.8
53174,380789035,9.8
53174,380813815,9.8
53174,385484518,9.8
53174,385504209,10.0
53174,385722206,10.0
53174,399501487,9.8
53174,439064864,9.8
53174,439064872,10.0
53174,439136350,9.8
53174,439136369,9.8
53174,439139597,9.8
53174,440206154,9.8
53174,440211727,9.8
53174,440213525,7.316129032258066
53174,440214041,8.316129032258065
53174,440220602,9.8
53174,440221471,9.8
53174,440224675,7.316129032258066
53174,440224764,9.8
53174,440225701,9.8
53174,440234743,9.8
53174,440498058,9.8
53174,440998050,9.8
53174,446310786,9.8
53174,446606812,9.8
53174,446610038,10.0
53174,446672211,10.0
53174,449212602,9.8
53174,451156609,9.8
53174,451167317,9.8
53174,451176464,9.8
53174,452282152,9.8
53174,553250426,9.316129032258065
53174,553280341,9.8
53174,553280368,9.8
53174,553572997,9.8
53174,590353403,9.8
53174,60928336,10.0
53174,60938455,9.8
53174,609804138,9.8
53174,60987103,9.8
53174,671001795,9.316129032258065
53174,671003755,9.8
53174,671027360,9.8
53174,671041789,9.316129032258065
53174,679781587,9.8
53174,743418174,10.0
53174,786868716,10.0
53174,804106304,9.8
53174,842329129,10.0
56447,014028009X,7.666666666666667
56447,014029628X,7.666666666666667
56447,043935806X,7.666666666666667
56447,044021145X,7.666666666666667
56447,044022165X,7.666666666666667
56447,044023722X,7.666666666666667
56447,044651652X,8.038095238095238
56447,059035342X,7.666666666666667
56447,067976402X,7.121212121212122
56447,068484267X,7.666666666666667
56447,068484477X,7.666666666666667
56447,080410526X,7.666666666666667
56447,140298479,3.038095238095238
56447,142001740,7.666666666666667
56447,1558744150,7.666666666666667
56447,156027321,8.833333333333332
56447,312195516,7.666666666666667
56447,312924585,7.666666666666667
56447,312966970,7.666666666666667
56447,312976275,7.666666666666667
56447,312980140,7.666666666666667
56447,316096199,7.666666666666667
56447,316601950,7.666666666666667
56447,316769487,7.666666666666667
56447,316776963,7.666666666666667
56447,345313860,7.666666666666667
56447,345339681,7.666666666666667
56447,345342968,7.666666666666667
56447,345350499,7.666666666666667
56447,345361792,7.666666666666667
56447,345370775,7.666666666666667
56447,345378490,7.666666666666667
56447,375706771,7.666666666666667
56447,375726403,7.666666666666667
56447,375727345,5.121212121212122
56447,380002930,7.666666666666667
56447,380018179,7.666666666666667
56447,380718340,7.666666666666667
56447,380813815,9.121212121212121
56447,385484518,7.666666666666667
56447,385504209,7.666666666666667
56447,385722206,7.666666666666667
56447,399501487,7.666666666666667
56447,439064864,7.666666666666667
56447,439136350,7.666666666666667
56447,439136369,7.666666666666667
56447,439139597,9.121212121212121
56447,440206154,7.666666666666667
56447,440211727,7.666666666666667
56447,440213525,7.666666666666667
56447,440214041,7.666666666666667
56447,440220602,7.666666666666667
56447,440221471,7.666666666666667
56447,440224675,5.121212121212122
56447,440224764,7.666666666666667
56447,440225701,7.666666666666667
56447,440234743,7.666666666666667
56447,440498058,9.121212121212121
56447,440998050,9.121212121212121
56447,446310786,7.666666666666667
56447,446605239,7.666666666666667
56447,446606812,7.666666666666667
56447,446610038,7.666666666666667
56447,446672211,7.666666666666667
56447,449212602,7.666666666666667
56447,451156609,7.666666666666667
56447,451167317,7.666666666666667
56447,451176464,7.666666666666667
56447,452282152,7.666666666666667
56447,553250426,7.666666666666667
56447,553280341,7.666666666666667
56447,553280368,7.666666666666667
56447,553572997,7.666666666666667
56447,590353403,7.666666666666667
56447,60928336,7.666666666666667
56447,60938455,7.666666666666667
56447,609804138,7.666666666666667
56447,60987103,7.666666666666667
56447,671001795,7.666666666666667
56447,671027360,7.666666666666667
56447,671041789,7.666666666666667
56447,679781587,7.666666666666667
56447,743418174,7.666666666666667
56447,786868716,7.666666666666667
56447,804106304,7.666666666666667
56447,842329129,7.666666666666667
66942,014028009X,8.335457873502424
66942,014029628X,7.593650793650792
66942,044021145X,6.992713769815071
66942,044022165X,7.99074074074074
66942,044023722X,8.593650793650792
66942,044651652X,10.0
66942,067976402X,7.3371024621594625
66942,068484267X,10.0
66942,068484477X,7.497635860985053
66942,080410526X,8.48870434248473
66942,140298479,3.5936507936507924
66942,1558744150,10.0
66942,156027321,8.222222222222221
66942,312195516,8.222222222222221
66942,312278586,7.328895669806908
66942,312966970,7.593650793650792
66942,312976275,8.888888888888888
66942,312980140,7.555555555555555
66942,316096199,10.0
66942,316601950,8.222222222222221
66942,316769487,6.701071242689176
66942,316776963,8.17353149447131
66942,345313860,7.300968989344071
66942,345339681,9.529914529914528
66942,345342968,9.548717948717949
66942,345350499,7.585858585858585
66942,345361792,10.0
66942,345378490,9.593650793650792
66942,375706771,7.349789827339061
66942,375726403,7.593650793650792
66942,375727345,7.593650793650792
66942,380002930,7.6472559018831525
66942,380018179,7.142593359430336
66942,380718340,8.957959280344605
66942,380789035,8.222222222222221
66942,380813815,8.003864530517257
66942,385484518,9.593650793650792
66942,385504209,8.56780123618946
66942,385722206,9.593650793650792
66942,399501487,9.022222222222222
66942,439064864,9.797367549550483
66942,439136350,8.633986928104575
66942,439136369,8.912903402322096
66942,439139597,8.593650793650792
66942,440206154,8.222222222222221
66942,440211727,10.0
66942,440213525,6.648239441893778
66942,440214041,8.151845674332165
66942,440220602,7.546296296296295
66942,440221471,9.428063590354624
66942,440224675,8.593650793650792
66942,440224764,5.272222222222221
66942,440225701,8.593650793650792
66942,440234743,9.593650793650792
66942,440498058,8.593650793650792
66942,440998050,10.0
66942,446605239,6.593650793650792
66942,446606812,8.222222222222221
66942,446610038,8.294148782431707
66942,446672211,10.0
66942,449212602,10.0
66942,451156609,7.315624287417722
66942,451176464,8.068376068376068
66942,452282152,8.222222222222221
66942,553250426,8.045299145299145
66942,553280341,7.9724947758186415
66942,553280368,9.257029640254148
66942,553572997,6.830429269205286
66942,590353403,8.335457873502424
66942,60928336,8.633986928104575
66942,60938455,8.986928104575163
66942,609804138,10.0
66942,60987103,8.633986928104575
66942,671001795,8.98559511534041
66942,671003755,1.5936507936507924
66942,671027360,8.222222222222221
66942,671041789,7.488704342484731
66942,679781587,8.222222222222221
66942,743418174,7.514892438922198
66942,786868716,9.593650793650792
66942,804106304,7.555555555555555
66942,842329129,9.044189762503985
68555,014028009X,5.190476190476191
68555,014029628X,7.857142857142857
68555,043935806X,6.907142857142857
68555,044021145X,8.62826943209524
68555,044022165X,7.786421962086184
68555,044651652X,8.181699689231776
68555,059035342X,7.799224755947383
68555,067976402X,6.198331931264283
68555,068484267X,8.19047619047619
68555,068484477X,7.857142857142857
68555,080410526X,9.907142857142857
68555,140298479,9.616638009149018
68555,142001740,7.857142857142857
68555,1558744150,7.857142857142857
68555,156027321,7.857142857142857
68555,312195516,7.857142857142857
68555,312278586,7.857142857142857
68555,312924585,8.19047619047619
68555,312966970,7.857142857142857
68555,312976275,7.857142857142857
68555,312980140,7.857142857142857
68555,316096199,4.395604395604395
68555,316601950,7.857142857142857
68555,316666343,8.19047619047619
68555,316769487,7.857142857142857
68555,316776963,6.907142857142857
68555,345313860,4.907142857142857
68555,345339681,8.69047619047619
68555,345342968,7.857142857142857
68555,345350499,7.857142857142857
68555,345361792,7.857142857142857
68555,345370775,7.190476190476191
68555,345378490,7.785714285714286
68555,375706771,5.395604395604395
68555,375726403,7.857142857142857
68555,375727345,7.857142857142857
68555,380002930,7.857142857142857
68555,380018179,7.857142857142857
68555,380718340,7.857142857142857
68555,380789035,7.857142857142857
68555,380813815,9.907142857142857
68555,385484518,7.857142857142857
68555,385722206,7.857142857142857
68555,399501487,7.857142857142857
68555,439064864,7.857142857142857
68555,439064872,8.776199040619632
68555,439136350,8.69047619047619
68555,439136369,7.4368734367799565
68555,439139597,8.69047619047619
68555,440206154,7.985134536486897
68555,440211727,8.905231813033927
68555,440213525,7.857142857142857
68555,440214041,8.488869314456604
68555,440221471,8.488869314456604
68555,440224675,8.492449211048681
68555,440224764,7.198331931264284
68555,440234743,9.395604395604394
68555,440498058,7.857142857142857
68555,440998050,7.857142857142857
68555,446310786,7.857142857142857
68555,446606812,7.857142857142857
68555,446610038,7.857142857142857
68555,446672211,7.857142857142857
68555,449212602,7.857142857142857
68555,451156609,7.228571428571428
68555,451167317,7.395604395604395
68555,451176464,7.857142857142857
68555,452282152,7.857142857142857
68555,553250426,10.0
68555,553280341,7.857142857142857
68555,553280368,7.857142857142857
68555,553572997,7.857142857142857
68555,590353403,7.857142857142857
68555,60938455,9.657142857142858
68555,609804138,7.358774735575471
68555,60987103,5.690476190476191
68555,671001795,7.857142857142857
68555,671003755,7.857142857142857
68555,671027360,7.857142857142857
68555,679781587,8.250908744408378
68555,743418174,6.785714285714286
68555,786868716,7.857142857142857
68555,804106304,7.857142857142857
68555,842329129,5.690476190476191
69389,014028009X,8.142857142857142
69389,014029628X,8.142857142857142
69389,044021145X,9.517857142857142
69389,044022165X,8.268341699465065
69389,044023722X,9.260504201680671
69389,044651652X,8.142857142857142
69389,059035342X,9.517857142857142
69389,067976402X,8.142857142857142
69389,068484267X,8.214285714285714
69389,068484477X,8.142857142857142
69389,080410526X,8.142857142857142
69389,140298479,8.142857142857142
69389,142001740,8.142857142857142
69389,1558744150,4.517857142857142
69389,156027321,8.142857142857142
69389,312195516,8.142857142857142
69389,312278586,8.142857142857142
69389,312924585,8.666380785672427
69389,312966970,8.737643239113826
69389,312980140,9.292589763177999
69389,316096199,8.142857142857142
69389,316601950,8.517857142857142
69389,316666343,8.142857142857142
69389,316769487,8.142857142857142
69389,316776963,8.142857142857142
69389,345313860,8.142857142857142
69389,345339681,9.087301587301587
69389,345342968,8.142857142857142
69389,345350499,8.142857142857142
69389,345361792,8.142857142857142
69389,345370775,8.142857142857142
69389,345378490,8.142857142857142
69389,375706771,9.324675324675324
69389,375726403,8.142857142857142
69389,375727345,8.142857142857142
69389,380002930,8.142857142857142
69389,380018179,8.324675324675324
69389,380718340,8.268341699465065
69389,380789035,8.142857142857142
69389,380813815,8.142857142857142
69389,385484518,8.142857142857142
69389,385504209,8.142857142857142
69389,385722206,8.142857142857142
69389,399501487,8.142857142857142
69389,439064872,8.142857142857142
69389,439136369,8.142857142857142
69389,440206154,8.142857142857142
69389,440211727,9.68732139757506
69389,440213525,8.07584422102946
69389,440214041,7.679621848739495
69389,440220602,8.106301095685055
69389,440221471,8.142857142857142
69389,440224675,8.142857142857142
69389,440224764,7.517857142857142
69389,440225701,5.3890692640692635
69389,440234743,7.260504201680671
69389,440498058,8.142857142857142
69389,440998050,8.142857142857142
69389,446310786,8.809523809523808
69389,446605239,8.142857142857142
69389,446606812,8.142857142857142
69389,446610038,7.753250615106561
69389,446672211,9.517857142857142
69389,449212602,8.142857142857142
69389,451156609,8.142857142857142
69389,451167317,8.809523809523808
69389,451176464,8.142857142857142
69389,452282152,8.142857142857142
69389,553250426,8.142857142857142
69389,553280368,8.012955182072828
69389,553572997,8.517857142857142
69389,590353403,8.142857142857142
69389,60928336,8.142857142857142
69389,60938455,7.260504201680671
69389,609804138,8.142857142857142
69389,60987103,8.142857142857142
69389,671001795,9.012955182072828
69389,671003755,7.517857142857142
69389,671027360,8.142857142857142
69389,671041789,8.142857142857142
69389,679781587,10.0
69389,743418174,8.142857142857142
69389,786868716,8.142857142857142
69389,804106304,8.142857142857142
69389,842329129,8.142857142857142
70666,014028009X,6.697954334625074
70666,014029628X,7.845509438465565
70666,043935806X,7.873739495798318
70666,044021145X,7.682407180638861
70666,044023722X,7.649932091518038
70666,044651652X,8.431696319514126
70666,059035342X,10.0
70666,067976402X,5.250847942615577
70666,068484267X,10.0
70666,068484477X,6.998431822587199
70666,080410526X,9.288988972767434
70666,140298479,3.5142857142857133
70666,142001740,8.907563025210084
70666,1558744150,9.048697755314176
70666,156027321,8.142857142857142
70666,312195516,9.251151317171852
70666,312278586,7.9043796994253865
70666,312924585,8.694139194139193
70666,312966970,7.845509438465565
70666,312976275,8.142857142857142
70666,312980140,8.142857142857142
70666,316096199,8.711615946903313
70666,316601950,8.142857142857142
70666,316666343,8.640565240886419
70666,316776963,8.386574914153325
70666,345313860,5.748750613916658
70666,345339681,8.907563025210084
70666,345342968,8.658986175115206
70666,345350499,8.142857142857142
70666,345361792,7.934200963755678
70666,375706771,8.507010310326466
70666,375726403,6.614613514779165
70666,375727345,6.721016250596896
70666,380002930,8.449426233567003
70666,380018179,8.213139407820455
70666,380718340,7.124274946091388
70666,380789035,8.142857142857142
70666,380813815,9.409824404052877
70666,385504209,8.244994963303004
70666,385722206,9.514285714285712
70666,399501487,9.517857142857142
70666,439064864,7.761743984784705
70666,439064872,8.824208709823731
70666,439136350,8.554621848739496
70666,439136369,8.414019061450713
70666,439139597,8.514285714285712
70666,440206154,8.476190476190476
70666,440211727,9.094069264069264
70666,440213525,7.508966399000375
70666,440214041,8.416422205245734
70666,440220602,7.784069264069264
70666,440224675,7.772664318625298
70666,440224764,5.192857142857142
70666,440234743,9.012875214698537
70666,440498058,8.514285714285712
70666,440998050,8.990438894103033
70666,446310786,6.985103132161956
70666,446605239,9.788378636041804
70666,446606812,6.517857142857142
70666,446610038,9.83864456876878
70666,446672211,9.048697755314176
70666,449212602,8.37322628174193
70666,451156609,9.120080288693552
70666,451167317,8.142857142857142
70666,451176464,7.392857142857142
70666,452282152,8.99062787698213
70666,553250426,8.076925049809413
70666,553280341,10.0
70666,553280368,10.0
70666,553572997,8.562506945267698
70666,590353403,8.713348334337992
70666,60928336,8.554621848739496
70666,60938455,8.907563025210084
70666,609804138,8.479099181301432
70666,60987103,7.302448332441469
70666,671001795,8.33889328321706
70666,671003755,6.837547205394575
70666,671027360,8.142857142857142
70666,671041789,8.308298140326585
70666,679781587,8.142857142857142
70666,743418174,9.430965245337719
70666,786868716,8.053256016979184
70666,804106304,8.912087912087912
70666,842329129,9.628591382223386
75819,014028009X,9.0
75819,014029628X,9.0
75819,044021145X,10.0
75819,044022165X,9.0
75819,044023722X,9.0
75819,044651652X,9.37142857142857
75819,059035342X,9.0
75819,067976402X,8.928571428571429
75819,068484267X,9.0
75819,068484477X,9.0
75819,080410526X,9.0
75819,140298479,4.371428571428571
75819,142001740,9.0
75819,1558744150,9.0
75819,156027321,9.3
75819,312195516,7.185185185185185
75819,312278586,9.185185185185185
75819,312924585,9.0
75819,312966970,9.0
75819,312976275,9.0
75819,312980140,9.0
75819,316096199,9.0
75819,316601950,10.0
75819,316769487,9.0
75819,316776963,9.0
75819,345313860,9.0
75819,345339681,9.0
75819,345342968,9.0
75819,345350499,9.0
75819,345361792,10.0
75819,345370775,9.185185185185185
75819,345378490,8.928571428571429
75819,375706771,9.0
75819,375726403,9.185185185185185
75819,375727345,9.0
75819,380002930,9.0
75819,380018179,9.0
75819,380718340,9.0
75819,380789035,9.0
75819,380813815,9.0
75819,385484518,9.0
75819,385722206,9.0
75819,399501487,10.0
75819,439064872,9.0
75819,439136350,9.0
75819,439136369,9.0
75819,439139597,9.0
75819,440211727,9.0
75819,440213525,9.0
75819,440214041,9.0
75819,440220602,8.928571428571429
75819,440221471,9.0
75819,440224675,9.928571428571429
75819,440224764,9.928571428571429
75819,440225701,7.928571428571429
75819,440234743,9.0
75819,440498058,10.0
75819,440998050,10.0
75819,446310786,10.0
75819,446605239,9.0
75819,446606812,9.0
75819,446610038,8.185185185185185
75819,446672211,9.0
75819,449212602,10.0
75819,451156609,9.0
75819,451167317,9.0
75819,451176464,9.0
75819,452282152,9.0
75819,553250426,9.0
75819,553280341,9.0
75819,553280368,9.0
75819,553572997,9.185185185185185
75819,60928336,9.0
75819,60938455,9.0
75819,609804138,10.0
75819,60987103,9.0
75819,671001795,9.0
75819,671003755,8.185185185185185
75819,671027360,9.185185185185185
75819,671041789,9.0
75819,679781587,8.928571428571429
75819,743418174,7.928571428571429
75819,786868716,9.0
75819,804106304,9.0
75819,842329129,9.0
88693,014028009X,7.467301000319322
88693,014029628X,6.927934589626116
88693,043935806X,8.635400515462592
88693,044021145X,5.293958875351238
88693,044022165X,8.0
88693,044023722X,8.708480266779873
88693,044651652X,6.691122284069813
88693,059035342X,8.67979547258025
88693,067976402X,9.704761904761904
88693,068484267X,7.333333333333333
88693,068484477X,6.208973364849042
88693,080410526X,5.704761904761904
88693,140298479,5.07948669877014
88693,142001740,8.259813457168285
88693,1558744150,9.704761904761904
88693,156027321,8.5
88693,312278586,7.1346310730550995
88693,312924585,7.333333333333333
88693,312966970,8.005278707161528
88693,312976275,7.333333333333333
88693,312980140,7.333333333333333
88693,316096199,8.794368399933465
88693,316601950,7.662988412382597
88693,316666343,7.3853983657373075
88693,316769487,6.476190476190476
88693,316776963,7.813025881310213
88693,345313860,7.704761904761904
88693,345339681,8.098039215686274
88693,345342968,7.333333333333333
88693,345350499,7.333333333333333
88693,345361792,8.612000806354096
88693,345370775,7.412840259878159
88693,345378490,7.227753195568482
88693,375706771,7.0608292173933895
88693,375727345,5.794368399933464
88693,380002930,4.704761904761904
88693,380018179,5.704761904761904
88693,380718340,9.704761904761904
88693,380789035,8.5
88693,380813815,4.704761904761904
88693,385484518,8.224488064871586
88693,385722206,8.224488064871586
88693,399501487,8.518518518518519
88693,439064864,8.657872860506606
88693,439064872,7.813025881310213
88693,439136350,7.333333333333333
88693,439136369,8.246410676945231
88693,439139597,7.791103269236568
88693,440206154,7.895833333333333
88693,440211727,7.333333333333333
88693,440213525,5.708480266779873
88693,440214041,8.0
88693,440220602,5.0
88693,440221471,8.704761904761904
88693,440224675,7.704761904761904
88693,440224764,7.333333333333333
88693,440225701,7.704761904761904
88693,440234743,8.704761904761904
88693,440498058,7.505651635169186
88693,440998050,9.074850676886596
88693,446310786,8.518518518518519
88693,446605239,4.860254885122171
88693,446606812,7.333333333333333
88693,446610038,7.573550250261276
88693,446672211,9.575249858049908
88693,449212602,7.851802238145997
88693,451156609,6.704761904761904
88693,451167317,7.333333333333333
88693,451176464,8.0
88693,452282152,7.895833333333333
88693,553250426,7.876488095238095
88693,553280341,9.704761904761904
88693,553280368,9.704761904761904
88693,553572997,7.136877635570211
88693,590353403,7.704761904761904
88693,60928336,7.695258526170528
88693,60938455,7.996936274509804
88693,609804138,8.703565339779724
88693,60987103,8.186011904761905
88693,671001795,9.704761904761904
88693,671003755,5.048589064572823
88693,671027360,7.164088369800102
88693,671041789,4.704761904761904
88693,679781587,10.0
88693,743418174,7.704761904761904
88693,786868716,8.224488064871586
88693,804106304,7.333333333333333
88693,842329129,8.704761904761904
88733,014028009X,7.123966173614162
88733,014029628X,8.12142857142857
88733,044022165X,9.159706324477451
88733,044023722X,9.121428571428572
88733,044651652X,9.121428571428572
88733,059035342X,10.0
88733,067976402X,10.0
88733,068484267X,8.75
88733,068484477X,5.121428571428571
88733,080410526X,7.750897015509778
88733,140298479,4.121428571428571
88733,142001740,6.568181818181818
88733,1558744150,10.0
88733,156027321,9.997870123630173
88733,312195516,10.0
88733,312278586,7.734363400900474
88733,312924585,8.75
88733,312966970,9.319725203382859
88733,312976275,8.75
88733,312980140,10.0
88733,316096199,10.0
88733,316601950,8.75
88733,316666343,7.825906374709523
88733,316769487,9.916666666666666
88733,316776963,9.111375775889517
88733,345313860,9.50200289497042
88733,345339681,8.204545454545455
88733,345342968,8.75
88733,345350499,8.75
88733,345361792,9.970367698825179
88733,345370775,9.121428571428572
88733,375706771,8.256442846357736
88733,375726403,8.536606035196964
88733,375727345,7.4924471442824405
88733,380002930,6.121428571428571
88733,380018179,7.121428571428571
88733,380718340,10.0
88733,380789035,9.916666666666666
88733,380813815,8.345058121789004
88733,385484518,10.0
88733,385504209,9.89530883908872
88733,385722206,9.49244714428244
88733,399501487,8.75
88733,439064864,10.0
88733,439064872,9.237544109657144
88733,439136350,8.75
88733,439139597,9.121428571428572
88733,440206154,9.916666666666666
88733,440211727,10.0
88733,440213525,6.121428571428571
88733,440214041,8.962472265530662
88733,440220602,6.636539949158471
88733,440221471,10.0
88733,440224675,9.121428571428572
88733,440224764,5.8
88733,440225701,9.121428571428572
88733,440234743,10.0
88733,440998050,10.0
88733,446310786,8.75
88733,446605239,7.121428571428571
88733,446606812,8.75
88733,446610038,10.0
88733,446672211,10.0
88733,449212602,10.0
88733,451156609,8.12142857142857
88733,451167317,8.75
88733,451176464,7.166666666666667
88733,452282152,9.422727272727272
88733,553250426,2.55
88733,553280341,10.0
88733,553280368,10.0
88733,553572997,8.12142857142857
88733,590353403,9.121428571428572
88733,60938455,9.514705882352942
88733,609804138,8.445048552673795
88733,60987103,8.75
88733,671001795,10.0
88733,671003755,2.12142857142857
88733,671027360,8.75
88733,671041789,6.750897015509778
88733,743418174,8.718681570647254
88733,786868716,10.0
88733,804106304,8.75
88733,842329129,7.926208807910654
89602,014028009X,7.468172390730119
89602,014029628X,6.900430760915341
89602,043935806X,6.098528313324527
89602,044021145X,5.027894149177921
89602,044022165X,5.450419146261555
89602,044023722X,6.7099242901026965
89602,044651652X,7.257739995824504
89602,059035342X,8.925036415294072
89602,067976402X,7.991107478191328
89602,068484267X,6.866666666666666
89602,068484477X,5.440885337478604
89602,080410526X,5.471695052228351
89602,140298479,4.771193222601188
89602,1558744150,8.179450262058914
89602,156027321,7.684848484848485
89602,312195516,5.625401749879975
89602,312278586,6.2281414342494195
89602,312924585,6.866666666666666
89602,312966970,8.043565926223552
89602,312976275,6.811111111111111
89602,312980140,6.697719126751385
89602,316096199,7.888982366869762
89602,316601950,7.509677608184632
89602,316666343,8.082521368899549
89602,316769487,6.012052472412514
89602,316776963,7.406527906456521
89602,345313860,6.93555105491369
89602,345339681,7.7040926492844015
89602,345342968,8.053608073825337
89602,345350499,6.866666666666666
89602,345370775,6.919831421534039
89602,345378490,6.689357317054651
89602,375706771,6.054456070930804
89602,375726403,5.79319765524867
89602,380018179,5.925495422515457
89602,380718340,7.549955618073741
89602,380813815,4.238095238095237
89602,385484518,8.292759686416872
89602,385722206,7.350865950880515
89602,399501487,6.824623014328226
89602,439064864,7.897269904901847
89602,439064872,7.844998741450708
89602,439136350,7.067613784670179
89602,439136369,8.238095238095237
89602,439139597,7.498987296454407
89602,440206154,6.795238095238095
89602,440211727,6.7121863799283155
89602,440213525,4.320662183568513
89602,440214041,6.008184583751514
89602,440220602,5.70952380952381
89602,440221471,7.97666419610642
89602,440224675,6.07308887347063
89602,440224764,7.795238095238095
89602,440225701,6.656067995710091
89602,440234743,8.238095238095237
89602,440498058,7.651537806419031
89602,440998050,8.69449872264552
89602,446605239,7.552972707290545
89602,446606812,5.677493260396787
89602,446610038,7.990889515538548
89602,446672211,8.179450262058914
89602,449212602,8.368879509629606
89602,451156609,6.750338930282869
89602,451167317,6.075457875457875
89602,451176464,6.712820512820513
89602,452282152,7.542676245516994
89602,553250426,6.643441082588119
89602,553280341,9.238095238095237
89602,553280368,7.786379085480737
89602,553572997,5.767318253860671
89602,590353403,7.082723584404942
89602,60928336,6.759815893793067
89602,60938455,10.0
89602,609804138,6.646511074985171
89602,671001795,7.407007788533667
89602,671003755,4.432184302280266
89602,671041789,5.461874105078112
89602,804106304,6.866666666666666
89602,842329129,7.962645809226874
91113,014028009X,9.703147762763578
91113,014029628X,8.537098149015321
91113,043935806X,8.666666666666666
91113,044021145X,7.015747360418488
91113,044022165X,8.666666666666666
91113,044023722X,8.475113124886786
91113,044651652X,9.038095238095238
91113,059035342X,10.0
91113,067976402X,9.00635578810801
91113,068484267X,8.666666666666666
91113,068484477X,5.038095238095237
91113,080410526X,7.038095238095237
91113,140298479,4.038095238095237
91113,142001740,9.475735294117646
91113,1558744150,10.0
91113,156027321,9.041666666666666
91113,312278586,7.462425063861593
91113,312924585,8.666666666666666
91113,312966970,8.038095238095238
91113,312976275,8.666666666666666
91113,312980140,8.666666666666666
91113,316601950,8.997916666666667
91113,316666343,8.176803695556446
91113,316769487,8.666666666666666
91113,316776963,9.038095238095238
91113,345313860,8.848407744923197
91113,345339681,9.431372549019608
91113,345342968,8.666666666666666
91113,345350499,10.0
91113,345361792,9.620373107046406
91113,345370775,8.665556999209926
91113,345378490,8.437522361333134
91113,375706771,7.980184833924325
91113,375726403,8.038095238095238
91113,375727345,7.45847298676209
91113,380002930,6.038095238095237
91113,380018179,8.690459701738385
91113,380718340,10.0
91113,380789035,8.666666666666666
91113,380813815,6.038095238095237
91113,385484518,10.0
91113,385504209,9.133380001231977
91113,385722206,10.0
91113,399501487,8.666666666666666
91113,439064864,10.0
91113,439064872,9.703147762763578
91113,439136350,8.666666666666666
91113,439136369,10.0
91113,439139597,9.038095238095238
91113,440206154,8.666666666666666
91113,440211727,8.666666666666666
91113,440213525,6.038095238095237
91113,440214041,7.729166666666666
91113,440220602,8.666666666666666
91113,440224675,9.038095238095238
91113,440224764,8.666666666666666
91113,440225701,9.038095238095238
91113,440234743,10.0
91113,440498058,9.038095238095238
91113,440998050,10.0
91113,446310786,8.666666666666666
91113,446605239,8.406476691729376
91113,446606812,8.666666666666666
91113,446610038,10.0
91113,446672211,10.0
91113,449212602,10.0
91113,451156609,8.038095238095238
91113,451167317,8.666666666666666
91113,451176464,8.666666666666666
91113,452282152,8.666666666666666
91113,553250426,8.666666666666666
91113,553280341,10.0
91113,553280368,10.0
91113,553572997,8.038095238095238
91113,590353403,9.038095238095238
91113,60928336,8.693939393939393
91113,60938455,1.0
91113,609804138,10.0
91113,671001795,10.0
91113,671003755,5.963678231778696
91113,671027360,9.729166666666666
91113,671041789,6.038095238095237
91113,679781587,8.666666666666666
91113,743418174,9.038095238095238
91113,786868716,10.0
91113,804106304,9.435897435897436
91113,842329129,10.0
93047,014028009X,7.371428571428571
93047,014029628X,5.586321845886682
93047,043935806X,9.142857142857142
93047,044021145X,4.386346509951653
93047,044022165X,7.666666666666667
93047,044023722X,8.501193679696792
93047,044651652X,7.371428571428571
93047,059035342X,9.37142857142857
93047,067976402X,9.37142857142857
93047,068484267X,7.071428571428571
93047,068484477X,5.3337164825176
93047,140298479,2.371428571428571
93047,142001740,7.0
93047,1558744150,9.37142857142857
93047,156027321,7.0
93047,312195516,8.142857142857142
93047,312278586,5.371428571428571
93047,312924585,7.0
93047,312966970,7.619878126439838
93047,312976275,6.390974558859431
93047,312980140,6.944444444444445
93047,316096199,9.37142857142857
93047,316601950,7.0
93047,316666343,7.414505556602647
93047,316769487,7.037910257765669
93047,316776963,7.371428571428571
93047,345313860,7.794178346720357
93047,345339681,7.944444444444445
93047,345342968,7.0
93047,345350499,7.0
93047,345361792,8.703340966973034
93047,345370775,7.371428571428571
93047,345378490,8.37142857142857
93047,375706771,5.371428571428571
93047,375726403,6.371428571428571
93047,375727345,6.371428571428571
93047,380002930,4.371428571428571
93047,380018179,5.371428571428571
93047,380718340,9.37142857142857
93047,380789035,7.0
93047,380813815,4.371428571428571
93047,385484518,8.37142857142857
93047,385504209,8.37142857142857
93047,385722206,8.37142857142857
93047,399501487,7.0
93047,439064872,7.371428571428571
93047,439136350,7.658923751290553
93047,439136369,8.37142857142857
93047,439139597,7.63970401659926
93047,440206154,7.0
93047,440211727,5.944444444444445
93047,440213525,5.501193679696791
93047,440214041,7.666666666666667
93047,440220602,4.666666666666667
93047,440221471,8.37142857142857
93047,440224675,7.371428571428571
93047,440224764,7.0
93047,440225701,7.371428571428571
93047,440234743,8.37142857142857
93047,440498058,6.587881802790935
93047,440998050,9.37142857142857
93047,446310786,7.944444444444445
93047,446605239,3.95011117715565
93047,446606812,7.0
93047,446610038,9.37142857142857
93047,446672211,9.225652428426221
93047,449212602,9.37142857142857
93047,451156609,6.371428571428571
93047,451167317,7.0
93047,451176464,7.666666666666667
93047,452282152,5.071428571428571
93047,553250426,7.0
93047,553280341,9.37142857142857
93047,553280368,9.37142857142857
93047,553572997,6.19025009630352
93047,590353403,7.794178346720357
93047,60928336,9.142857142857142
93047,60938455,7.0
93047,609804138,9.37142857142857
93047,60987103,7.743386243386244
93047,671001795,8.23515944215992
93047,671003755,1.0
93047,671027360,7.0
93047,671041789,4.371428571428571
93047,679781587,9.666666666666668
93047,743418174,7.371428571428571
93047,786868716,8.37142857142857
93047,804106304,7.0
93047,842329129,8.37142857142857
95359,014028009X,9.354498545339151
95359,014029628X,9.19824194733954
95359,044021145X,8.69132458749206
95359,044022165X,8.5954544042532
95359,044023722X,8.520582454925506
95359,044651652X,10.0
95359,059035342X,10.0
95359,067976402X,8.906782727960715
95359,068484267X,8.814814814814815
95359,068484477X,8.109983891354545
95359,080410526X,7.774470334342336
95359,140298479,7.465046233006104
95359,142001740,9.239270778202778
95359,1558744150,7.8483545708926625
95359,156027321,10.0
95359,312924585,8.481481481481481
95359,312966970,9.59621805264305
95359,312976275,9.039642950328181
95359,312980140,10.0
95359,316096199,9.907316392719048
95359,316769487,8.524313063673931
95359,316776963,8.711056697054856
95359,345313860,9.085647020879794
95359,345339681,9.193338534070197
95359,345342968,10.0
95359,345350499,9.36026936026936
95359,345378490,8.718743982160268
95359,375706771,8.57097926433201
95359,375727345,6.6089115059354775
95359,380002930,7.777405223490239
95359,380018179,9.726095252010284
95359,380718340,10.0
95359,380789035,7.601540006771406
95359,380813815,10.0
95359,385484518,6.795996525851692
95359,385504209,8.850786078700331
95359,385722206,8.16708345580287
95359,439064864,8.529376563153688
95359,439064872,9.649869441431798
95359,439136350,9.097999985527109
95359,439136369,10.0
95359,439139597,9.73088324010074
95359,440206154,9.299762917559763
95359,440211727,8.902293011730318
95359,440213525,8.181638084429999
95359,440214041,8.060921351214983
95359,440220602,8.535958978914184
95359,440221471,8.746272946521051
95359,440224675,7.943304457887956
95359,440224764,6.632996632996633
95359,440225701,7.29641668082196
95359,440234743,8.913538849342324
95359,446605239,7.192109099408812
95359,446606812,3.162365500833867
95359,446672211,8.306519354656936
95359,451156609,7.795381885279819
95359,451167317,8.934687529924668
95359,451176464,7.494628491022694
95359,452282152,8.872753167135402
95359,553250426,8.708157888744324
95359,553280341,7.830132857315329
95359,553280368,9.826549079204515
95359,590353403,8.890648720439943
95359,60928336,9.102377947295466
95359,60938455,10.0
95359,60987103,9.091929459544993
95359,671001795,9.023672266755192
95359,671041789,6.186243386243386
95359,679781587,9.32235892027407
95359,743418174,9.14618362596298
95359,786868716,8.887912152354675
95359,804106304,5.631226213365714
95359,842329129,8.046682583724278
95932,014028009X,7.163026059766243
95932,014029628X,6.771428571428571
95932,043935806X,7.1891768764100386
95932,044022165X,7.4
95932,044023722X,7.771428571428571
95932,044651652X,7.771428571428571
95932,059035342X,9.771428571428572
95932,067976402X,9.771428571428572
95932,068484267X,7.4
95932,068484477X,3.7714285714285714
95932,080410526X,5.771428571428571
95932,140298479,2.7714285714285714
95932,142001740,7.4
95932,1558744150,9.771428571428572
95932,156027321,7.4
95932,312195516,7.4
95932,312278586,7.064949848412927
95932,312924585,7.4
95932,312966970,6.771428571428571
95932,312976275,7.4
95932,312980140,7.4
95932,316096199,9.771428571428572
95932,316601950,7.4
95932,316666343,4.771428571428571
95932,316769487,7.811764705882354
95932,345313860,7.771428571428571
95932,345339681,7.4
95932,345342968,7.4
95932,345350499,7.4
95932,345361792,9.771428571428572
95932,345370775,7.163026059766243
95932,345378490,8.023809523809524
95932,375706771,5.771428571428571
95932,375726403,6.771428571428571
95932,375727345,6.771428571428571
95932,380002930,4.771428571428571
95932,380018179,7.064949848412927
95932,380718340,9.771428571428572
95932,380789035,7.4
95932,380813815,4.771428571428571
95932,385484518,8.771428571428572
95932,385504209,6.895076867335121
95932,385722206,8.771428571428572
95932,399501487,7.4
95932,439064864,7.895076867335121
95932,439064872,7.771428571428571
95932,439136350,7.811764705882354
95932,439136369,8.69047619047619
95932,439139597,7.771428571428571
95932,440206154,7.4
95932,440211727,7.4
95932,440213525,4.771428571428571
95932,440220602,7.4
95932,440221471,8.771428571428572
95932,440224675,7.771428571428571
95932,440224764,7.4
95932,440225701,7.771428571428571
95932,440234743,8.771428571428572
95932,440498058,8.357142857142858
95932,440998050,9.771428571428572
95932,446310786,8.811764705882354
95932,446605239,5.771428571428571
95932,446606812,7.4
95932,446610038,9.771428571428572
95932,446672211,9.771428571428572
95932,449212602,9.771428571428572
95932,451156609,6.771428571428571
95932,451167317,7.4
95932,451176464,7.4
95932,452282152,7.4
95932,553250426,7.4
95932,553280341,9.771428571428572
95932,553280368,9.771428571428572
95932,553572997,6.771428571428571
95932,590353403,7.163026059766243
95932,60938455,7.4
95932,609804138,9.771428571428572
95932,60987103,7.811764705882354
95932,671001795,9.771428571428572
95932,671003755,1.0
95932,671027360,7.4
95932,671041789,4.771428571428571
95932,679781587,8.65
95932,786868716,8.771428571428572
95932,804106304,7.4
95932,842329129,8.771428571428572
101851,014028009X,9.0
101851,014029628X,8.76923076923077
101851,044021145X,8.8
101851,044022165X,9.666666666666666
101851,044023722X,9.0
101851,044651652X,9.0
101851,059035342X,9.0
101851,067976402X,9.0
101851,068484267X,9.8
101851,068484477X,8.892820323027552
101851,080410526X,9.0
101851,140298479,9.0
101851,142001740,9.0
101851,1558744150,9.0
101851,156027321,9.0
101851,312195516,9.0
101851,312278586,9.0
101851,312966970,8.76923076923077
101851,312976275,9.666666666666666
101851,312980140,9.0
101851,316096199,8.76923076923077
101851,316601950,9.0
101851,316666343,9.0
101851,316769487,9.0
101851,316776963,9.0
101851,345313860,9.0
101851,345339681,9.0
101851,345342968,9.8
101851,345350499,9.0
101851,345361792,9.0
101851,345370775,8.76923076923077
101851,345378490,9.0
101851,375706771,8.8
101851,375726403,8.76923076923077
101851,375727345,9.0
101851,380002930,9.0
101851,380018179,9.0
101851,380718340,9.666666666666666
101851,380789035,9.0
101851,380813815,9.0
101851,385484518,9.0
101851,385504209,9.0
101851,385722206,9.0
101851,439064864,9.0
101851,439064872,9.0
101851,439136350,9.0
101851,439136369,9.0
101851,439139597,9.0
101851,440206154,9.0
101851,440213525,8.821367205045918
101851,440214041,9.0
101851,440220602,8.357265589908163
101851,440221471,9.76923076923077
101851,440224675,9.0
101851,440224764,9.0
101851,440225701,9.0
101851,440234743,9.76923076923077
101851,440498058,9.0
101851,440998050,9.0
101851,446310786,9.733333333333333
101851,446605239,9.0
101851,446606812,9.0
101851,446610038,8.666666666666666
101851,446672211,9.0
101851,449212602,9.0
101851,451156609,9.0
101851,451167317,9.666666666666666
101851,451176464,9.0
101851,452282152,10.0
101851,553250426,8.8
101851,553280341,5.666666666666666
101851,553280368,9.0
101851,553572997,9.0
101851,60928336,9.0
101851,60938455,9.0
101851,609804138,7.876331141954867
101851,60987103,7.76923076923077
101851,671001795,9.0
101851,671003755,9.0
101851,671027360,9.0
101851,671041789,9.0
101851,679781587,9.0
101851,743418174,9.0
101851,786868716,7.76923076923077
101851,804106304,8.948127911679357
101851,842329129,9.0
102647,014028009X,6.545454545454546
102647,014029628X,8.545454545454547
102647,043935806X,7.841806167444635
102647,044021145X,8.402856451407336
102647,044022165X,6.4505808018491315
102647,044023722X,7.655844155844156
102647,044651652X,8.098701298701299
102647,059035342X,8.903148298346611
102647,067976402X,6.94088619031882
102647,068484267X,7.7272727272727275
102647,068484477X,7.7272727272727275
102647,080410526X,8.83347963925574
102647,140298479,3.0987012987012985
102647,142001740,7.7897727272727275
102647,1558744150,5.588005549071518
102647,156027321,8.102272727272727
102647,312195516,8.527272727272727
102647,312278586,7.7272727272727275
102647,312924585,8.535778949052023
102647,312966970,8.102272727272727
102647,312976275,8.132136660642605
102647,312980140,9.545454545454547
102647,316096199,7.7272727272727275
102647,316601950,7.804570807388945
102647,316666343,8.655844155844157
102647,316769487,8.584415584415584
102647,316776963,6.777272727272727
102647,345313860,5.653978443703892
102647,345339681,8.671717171717173
102647,345342968,8.2987012987013
102647,345350499,7.7272727272727275
102647,345370775,7.09104823747681
102647,375706771,7.7272727272727275
102647,375726403,7.7272727272727275
102647,375727345,3.2987012987012987
102647,380002930,9.977272727272727
102647,380018179,6.0987012987012985
102647,380718340,7.23452728933933
102647,380789035,5.860606060606061
102647,380813815,9.777272727272727
102647,385484518,9.584415584415584
102647,385504209,7.777272727272727
102647,385722206,7.7272727272727275
102647,399501487,9.053127428127429
102647,439064872,8.334803429364289
102647,439136350,7.7272727272727275
102647,439136369,8.221793792623224
102647,439139597,8.2987012987013
102647,440206154,6.782828282828283
102647,440224675,8.053127428127429
102647,440224764,6.049277001602453
102647,440225701,6.963994646079473
102647,440234743,7.7272727272727275
102647,440498058,7.7272727272727275
102647,440998050,7.485119210731866
102647,446605239,7.7272727272727275
102647,446606812,1.0
102647,446610038,8.927355403249155
102647,446672211,8.328942084076079
102647,449212602,7.527272727272728
102647,451156609,6.782828282828283
102647,451167317,7.62386155444483
102647,451176464,6.765804814947856
102647,452282152,8.527272727272727
102647,553250426,7.9772727272727275
102647,553280341,7.246800809579849
102647,553280368,8.146296376569579
102647,553572997,8.083656480196304
102647,590353403,7.7272727272727275
102647,60928336,5.782828282828283
102647,60938455,7.7272727272727275
102647,609804138,9.777272727272727
102647,60987103,7.7272727272727275
102647,671003755,7.1022727272727275
102647,671027360,8.655844155844157
102647,671041789,8.546455457919214
102647,679781587,7.7272727272727275
102647,743418174,7.7272727272727275
102647,786868716,7.7272727272727275
102647,804106304,7.7272727272727275
102647,842329129,7.7272727272727275
104636,014028009X,9.148809523809524
104636,014029628X,8.148809523809524
104636,043935806X,8.501776895534242
104636,044023722X,8.553571428571429
104636,044651652X,8.472332375086083
104636,067976402X,7.8162131317906915
104636,068484267X,6.125
104636,068484477X,8.734529073017734
104636,080410526X,8.722057130355706
104636,140298479,9.799009380929139
104636,142001740,8.6875
104636,156027321,9.0
104636,312195516,8.736889842125256
104636,312278586,7.776741018034242
104636,312924585,8.985041675997216
104636,312980140,9.315099759045363
104636,316096199,9.350049828542318
104636,316666343,9.648430572611591
104636,316769487,8.375771081987978
104636,316776963,5.389268463713927
104636,345313860,7.110110832525972
104636,345339681,1.0
104636,345342968,9.314901929534418
104636,345350499,10.0
104636,345361792,8.606360334281911
104636,345370775,7.671388505015962
104636,345378490,8.656440295732535
104636,375706771,9.806818181818182
104636,375726403,5.141129032258065
104636,375727345,4.196428571428571
104636,380002930,7.141129032258065
104636,380018179,9.97587736286587
104636,380789035,8.625
104636,380813815,9.898293691822746
104636,385484518,9.57141929642771
104636,385504209,9.621580375443449
104636,385722206,9.467630151312257
104636,399501487,9.079545454545455
104636,439064864,8.38840021356585
104636,439064872,9.413210703889211
104636,439136350,8.482142857142858
104636,439136369,8.900975615586802
104636,439139597,9.004047428533324
104636,440206154,9.018270370736717
104636,440213525,8.654551655141091
104636,440221471,9.481562566659942
104636,440224675,8.831627255951979
104636,440234743,8.267857142857142
104636,440498058,9.079545454545455
104636,440998050,10.0
104636,446310786,8.359914582434646
104636,446605239,10.0
104636,446606812,10.0
104636,449212602,8.116291441774171
104636,451156609,6.223013297872528
104636,451167317,8.492893007706877
104636,451176464,7.51086064461077
104636,452282152,9.541666666666666
104636,553250426,8.877078655795513
104636,590353403,8.625
104636,60928336,7.148809523809524
104636,60938455,8.515756302521009
104636,609804138,8.313524856260422
104636,60987103,6.923611111111111
104636,671027360,8.611815061976003
104636,671041789,9.26399665326116
104636,679781587,10.0
104636,743418174,7.975573243773667
104636,786868716,9.088249201993
104636,804106304,6.185744670090813
104636,842329129,8.834119968496987
105028,014028009X,7.625
105028,014029628X,7.625
105028,043935806X,8.503306878306878
105028,044021145X,8.042783491603641
105028,044022165X,6.220238095238095
105028,044023722X,7.625
105028,044651652X,8.7738377290445
105028,059035342X,8.196428571428571
105028,067976402X,7.875
105028,068484267X,7.625
105028,068484477X,7.625
105028,080410526X,8.425
105028,140298479,2.996428571428571
105028,142001740,8.389705882352942
105028,1558744150,7.196428571428571
105028,156027321,7.625
105028,312195516,7.117592592592593
105028,312278586,7.3842592592592595
105028,312924585,9.680555555555555
105028,312966970,7.625
105028,312976275,7.625
105028,312980140,7.625
105028,316096199,8.389705882352942
105028,316601950,8.810185185185185
105028,316666343,7.599945533769064
105028,316769487,8.482142857142858
105028,316776963,7.625
105028,345313860,8.680555555555555
105028,345339681,8.389705882352942
105028,345342968,8.196428571428571
105028,345350499,7.625
105028,345361792,8.172699214365881
105028,375706771,8.389705882352942
105028,375726403,7.810185185185185
105028,375727345,5.181489262371615
105028,380002930,9.875
105028,380018179,7.625
105028,380718340,7.625
105028,380789035,7.625
105028,380813815,7.625
105028,385484518,9.482142857142858
105028,385504209,8.471638655462186
105028,385722206,7.625
105028,439064864,6.8977272727272725
105028,439136350,7.625
105028,439136369,8.196428571428571
105028,439139597,8.196428571428571
105028,440206154,7.17773733218463
105028,440211727,7.868819606475477
105028,440214041,7.767014155725651
105028,440220602,7.719967532467533
105028,440221471,8.590374143592038
105028,440224764,8.553571428571429
105028,440225701,7.517857142857143
105028,440234743,7.625
105028,440498058,8.810185185185185
105028,440998050,8.117592592592594
105028,446310786,7.17269921436588
105028,446605239,7.625
105028,446610038,6.810185185185185
105028,446672211,7.625
105028,449212602,8.117592592592594
105028,451156609,6.680555555555555
105028,451167317,6.680555555555555
105028,451176464,6.156077856491079
105028,452282152,8.425
105028,553250426,7.875
105028,553280341,7.625
105028,553280368,7.625
105028,553572997,7.962603930461073
105028,590353403,7.625
105028,60928336,5.680555555555555
105028,60938455,8.389705882352942
105028,609804138,8.599945533769063
105028,60987103,7.625
105028,671001795,7.8977272727272725
105028,671003755,7.099945533769064
105028,671027360,7.810185185185185
105028,671041789,8.83534653528613
105028,679781587,7.553571428571429
105028,743418174,6.553571428571429
105028,786868716,7.625
105028,804106304,7.625
105028,842329129,7.625
105517,014028009X,6.8
105517,014029628X,5.8
105517,044021145X,6.41547619047619
105517,044022165X,5.050670110496773
105517,044023722X,6.431304970091974
105517,044651652X,7.687296489871022
105517,059035342X,8.064620652158993
105517,067976402X,4.424847133718278
105517,068484267X,6.428571428571429
105517,068484477X,5.237564914202839
105517,080410526X,7.862547425848928
105517,140298479,1.7999999999999998
105517,142001740,6.954327795413237
105517,1558744150,7.361893853373297
105517,156027321,9.053571428571429
105517,312195516,5.83991701022562
105517,312278586,5.461815790242481
105517,312924585,6.731578074353657
105517,312966970,6.462179728867144
105517,312976275,6.428571428571429
105517,312980140,6.428571428571429
105517,316096199,8.8
105517,316601950,6.583927951901889
105517,316769487,6.944700460829494
105517,316776963,5.699861604306696
105517,345313860,6.060364538030587
105517,345339681,6.428571428571429
105517,345342968,6.944700460829494
105517,345350499,5.792207792207792
105517,345370775,5.861408503238532
105517,345378490,5.473373323285598
105517,375706771,4.8
105517,375726403,3.8639384325514676
105517,375727345,4.7692397013324
105517,380018179,7.040416976094337
105517,380718340,8.8
105517,380789035,4.561904761904763
105517,380813815,8.31225667388447
105517,385484518,3.848421816550267
105517,385504209,7.53542552848878
105517,385722206,7.8
105517,399501487,7.613756613756614
105517,439064864,8.8
105517,439064872,7.308992774867606
105517,439136350,6.428571428571429
105517,439136369,6.699861604306696
105517,439139597,6.8
105517,440206154,6.428571428571429
105517,440211727,7.917857142857143
105517,440213525,4.844539089155382
105517,440220602,5.795238095238096
105517,440221471,7.144497771934799
105517,440224675,4.586759641207388
105517,440224764,3.4785714285714286
105517,440225701,6.8
105517,440234743,7.8
105517,440498058,7.051871952705871
105517,440998050,8.432836854378047
105517,446310786,8.379503555278315
105517,446605239,4.646598395989856
105517,446606812,6.428571428571429
105517,446610038,7.905974867408943
105517,446672211,6.83154870105829
105517,449212602,8.432836854378047
105517,451156609,5.8
105517,451176464,5.678571428571429
105517,452282152,6.428571428571429
105517,553250426,6.378078101011026
105517,553280341,6.442463521339759
105517,553280368,6.461242636546201
105517,590353403,6.8
105517,60928336,6.428571428571429
105517,60938455,8.22857142857143
105517,609804138,8.478212182131468
105517,60987103,5.526488095238095
105517,671001795,6.586759641207388
105517,671003755,1.5994596985254308
105517,671027360,7.121447371213025
105517,671041789,6.52662517879184
105517,679781587,4.561904761904763
105517,743418174,7.093272647524487
105517,786868716,6.305619078123446
105517,804106304,6.428571428571429
105517,842329129,7.9121622777051135
105979,014028009X,6.214285714285714
105979,014029628X,5.071428571428572
105979,043935806X,7.3994708994708995
105979,044023722X,6.142857142857143
105979,044651652X,4.941470121699226
105979,059035342X,7.589285714285714
105979,067976402X,7.614285714285715
105979,068484267X,6.214285714285714
105979,068484477X,6.214285714285714
105979,080410526X,6.214285714285714
105979,140298479,1.5857142857142854
105979,142001740,6.214285714285714
105979,1558744150,2.589285714285714
105979,156027321,6.514285714285715
105979,312195516,7.1534391534391535
105979,312278586,6.3994708994708995
105979,312924585,6.214285714285714
105979,312966970,6.589285714285714
105979,312976275,6.589285714285714
105979,312980140,6.214285714285714
105979,316096199,6.314285714285714
105979,316601950,6.6303732187055235
105979,316666343,5.921587890117713
105979,316769487,6.214285714285714
105979,316776963,5.692857142857143
105979,345313860,6.214285714285714
105979,345339681,6.214285714285714
105979,345342968,6.730414746543779
105979,345350499,8.071428571428573
105979,345370775,5.457010582010582
105979,345378490,6.214285714285714
105979,375706771,6.214285714285714
105979,375726403,6.3994708994708995
105979,375727345,6.214285714285714
105979,380002930,8.071428571428573
105979,380018179,6.214285714285714
105979,380718340,4.445556752249195
105979,380789035,4.347619047619048
105979,380813815,6.214285714285714
105979,385484518,6.414285714285715
105979,399501487,7.3994708994708995
105979,439064864,7.514285714285715
105979,439064872,6.214285714285714
105979,439136350,7.514285714285715
105979,439136369,6.214285714285714
105979,439139597,6.214285714285714
105979,440206154,6.214285714285714
105979,440211727,6.887853288478943
105979,440213525,6.214285714285714
105979,440214041,6.34888868572283
105979,440220602,4.814311171636648
105979,440224675,7.3809523809523805
105979,440224764,5.589285714285714
105979,440225701,3.5892857142857144
105979,440498058,7.3994708994708995
105979,440998050,7.3994708994708995
105979,446310786,7.3994708994708995
105979,446605239,6.214285714285714
105979,446610038,6.254763570730302
105979,449212602,7.3994708994708995
105979,451156609,7.514285714285715
105979,451167317,6.514285714285715
105979,451176464,7.414285714285715
105979,452282152,6.071428571428572
105979,553250426,6.451906485777407
105979,553280341,6.062815927901214
105979,553280368,6.062815927901214
105979,553572997,6.4633380314725475
105979,590353403,7.514285714285715
105979,60928336,6.214285714285714
105979,60938455,6.214285714285714
105979,609804138,5.13558201058201
105979,60987103,6.214285714285714
105979,671001795,6.589285714285714
105979,671027360,5.824414210128496
105979,671041789,6.214285714285714
105979,679781587,6.633333333333334
105979,804106304,3.6021978021978027
105979,842329129,7.730414746543779
107784,014028009X,4.006993006993007
107784,014029628X,7.230769230769232
107784,043935806X,7.769230769230769
107784,044023722X,3.604395604395605
107784,044651652X,9.466678339380909
107784,067976402X,6.812728937728938
107784,068484267X,7.461538461538462
107784,068484477X,6.977667493796527
107784,080410526X,7.461538461538462
107784,140298479,2.8329670329670327
107784,142001740,1.0
107784,1558744150,7.977667493796527
107784,156027321,7.761538461538462
107784,312195516,7.722243352469436
107784,312278586,6.765515734265734
107784,312924585,8.618929310036146
107784,312966970,7.500734626953938
107784,312976275,7.307484265838903
107784,312980140,8.728075070511723
107784,316601950,7.524038461538462
107784,316666343,8.258135967495965
107784,316769487,6.5769596573949025
107784,316776963,7.461538461538462
107784,345313860,7.791987812869414
107784,345339681,8.76923076923077
107784,345342968,7.466222633018239
107784,345350499,7.461538461538462
107784,345361792,7.524038461538462
107784,345370775,7.620536560175624
107784,345378490,6.501861890058874
107784,375726403,5.860677907706496
107784,375727345,7.461538461538462
107784,380002930,7.8751990461818755
107784,380018179,8.621713150564332
107784,380718340,8.421502482671372
107784,380789035,7.461538461538462
107784,380813815,8.104395604395604
107784,385484518,7.461538461538462
107784,385722206,7.461538461538462
107784,399501487,8.517094017094017
107784,439064864,7.461538461538462
107784,439064872,7.769230769230769
107784,439136350,7.461538461538462
107784,439136369,8.556977257029192
107784,439139597,7.461538461538462
107784,440206154,6.827594245591298
107784,440211727,6.517094017094017
107784,440213525,6.212924223657392
107784,440214041,6.714659899104365
107784,440221471,7.888461372849181
107784,440224675,6.855625278360278
107784,440224764,6.968473212713688
107784,440225701,6.919587743031183
107784,440498058,7.461538461538462
107784,440998050,7.461538461538462
107784,446310786,9.307692307692308
107784,446605239,8.636856172071527
107784,446606812,2.2472527472527473
107784,446610038,8.977667493796528
107784,446672211,7.977667493796527
107784,449212602,9.307692307692308
107784,451156609,6.106623750380525
107784,451176464,6.488829495190935
107784,452282152,7.006993006993007
107784,553280341,7.461538461538462
107784,553280368,2.478121767967023
107784,553572997,8.711538461538462
107784,590353403,9.230769230769232
107784,60928336,7.043731642010792
107784,60938455,7.378754859013186
107784,609804138,7.877403846153847
107784,60987103,6.377403846153847
107784,671001795,7.406573988105995
107784,671003755,1.0
107784,671027360,8.524038461538462
107784,679781587,7.134698634698634
107784,743418174,7.923764303715057
107784,786868716,6.96650095573961
107784,804106304,8.565360063475058
107784,842329129,8.645243032971806
